{"name": "LR", "desc": "Low Resolution - the number of pixels inside the ground-truth bounding box is less than tr (tr =400).", "tracker": "MDGaNet", "evalType": "OPE", "seqs": ["Deer", "Ironman", "MotorRolling", "Walking2"], "overlap": 64.35986090559895, "error": 2.4114017043784894, "overlapScores": [0.720825617555792, 0.5277451457045907, 0.5743034205164304, 0.7515202524471447], "errorNum": [0.0, 5.0602409638554215, 4.085365853658536, 0.5], "successRateList": [0.9518072289156627, 0.9367469879518072, 0.9322289156626506, 0.9246987951807228, 0.9176746987951807, 0.8781811636791067, 0.8590230678812811, 0.8412791654422568, 0.8170174845724361, 0.7830727299441669, 0.7588598295621509, 0.7315921245959447, 0.6887303311494001, 0.6002921510845857, 0.4826811905816326, 0.3478190039443242, 0.22108408074068864, 0.11252846494186985, 0.028167174365617744, 0.0095759313447538, 0.0], "precisionList": [0.009551541100851362, 0.04306961339000799, 0.14180263479200209, 0.2783107221051847, 0.3656866124753221, 0.457613247217658, 0.5099838253736347, 0.5930316994532578, 0.6318995169961881, 0.6671906913121397, 0.694948899686689, 0.7090856597120188, 0.7430304143402879, 0.7643535116074053, 0.7815667058477813, 0.8028898031148985, 0.8211273875991771, 0.8363345577431678, 0.8484929473993534, 0.8576209227152514, 0.8636817513958273, 0.866730531883632, 0.8717853364678225, 0.876340141052013, 0.882382603585072, 0.88541301792536, 0.8930166029973553, 0.9005650896267999, 0.9020711137231854, 0.9020711137231854, 0.9056015280634735, 0.9056015280634735, 0.9056015280634735, 0.9056015280634735, 0.9071015280634734, 0.9091075521598591, 0.9111135762562446, 0.9131135762562446, 0.9131135762562446, 0.9176439905965326, 0.9206560387893035, 0.9261741110784603, 0.9261741110784603, 0.9266741110784602, 0.9266741110784602, 0.9291801351748457, 0.9306861592712312, 0.9322105495151337, 0.9352225977079047, 0.9367286218042903, 0.9367286218042903], "fpsList": [2.2098057003607, 2.7057930157667385, 2.396394233923084, 2.5081391258536825], "fps": 2.455033018976051}