{"name": "OV", "desc": "Out-of-View - some portion of the target leaves the view.", "tracker": "MDGaNet", "evalType": "OPE", "seqs": ["Dudek", "Ironman", "Lemming", "Liquor", "Suv", "Tiger2"], "overlap": 73.50415936347451, "error": 1.3670755457659098, "overlapScores": [0.8535080133088041, 0.5277451457045907, 0.7695599213628561, 0.8524151461838401, 0.8211539494134052, 0.5858673858349744], "errorNum": [0.0, 5.0602409638554215, 0.14970059880239522, 0.15508328546812178, 0.17989417989417988, 2.6575342465753424], "successRateList": [0.9669141817124904, 0.95687402106992, 0.953861972877149, 0.9484891588697968, 0.9441203609267017, 0.9391002806054166, 0.9286875608047639, 0.9221184998978034, 0.9048991116680428, 0.8875654053264062, 0.8632924454234091, 0.8354884656310307, 0.7919534142573764, 0.7418494922850126, 0.6807434455395774, 0.5850475228173047, 0.4583453599604532, 0.3154028558874066, 0.16134954397135215, 0.051124983262343014, 0.0], "precisionList": [0.005014714891531581, 0.04379969060086399, 0.14196912285135815, 0.26202280417820517, 0.3449113770353798, 0.43548375127206174, 0.5000529012868951, 0.5667077755400106, 0.6059416797484072, 0.6451241247522681, 0.6811167522193678, 0.7075459049777421, 0.7447929633428042, 0.7698028663405627, 0.7879993877068526, 0.8011455074030601, 0.8193366820038622, 0.8317985988042164, 0.8443923049980642, 0.8539843540373249, 0.8649179465290443, 0.8708550928981006, 0.8795553139342904, 0.8856713658775494, 0.894749388376945, 0.9018761458401201, 0.9066920512640442, 0.9141799242078688, 0.9173740246300633, 0.9186400003252627, 0.9215952509067864, 0.9239641430977845, 0.9263719986196176, 0.9304326810749167, 0.9320936649037536, 0.9350697253938448, 0.9362193018656709, 0.9375891648793694, 0.9382221527269693, 0.9401394108003586, 0.9429909151717056, 0.9465553147921715, 0.9470228024503432, 0.9478662746931761, 0.9489709775485656, 0.9505572352430991, 0.9524545535346297, 0.9532980257774627, 0.9559082393181121, 0.9572033761975075, 0.9573489366050767], "fpsList": [2.4713554254359957, 2.7057930157667385, 2.4865523143992903, 2.491272744833593, 2.5110607082371756, 2.457529948298188], "fps": 2.52059402616183}