{"name": "LR", "desc": "Low Resolution - the number of pixels inside the ground-truth bounding box is less than tr (tr =400).", "tracker": "MDResGaNet_3L_1", "evalType": "OPE", "seqs": ["Biker", "Box", "Car1", "Deer", "Ironman", "MotorRolling", "Panda", "RedTeam", "Surfer", "Walking2"], "overlap": 67.14229282337182, "error": 2.5663295635344037, "overlapScores": [0.7384573376177973, 0.6212522517249781, 0.783776076731738, 0.7233554744664069, 0.5951025516043693, 0.49615672315330434, 0.6558991429694057, 0.6855336802320382, 0.6555431984554925, 0.7591528453816513], "errorNum": [5.28169014084507, 6.795865633074936, 0.00980392156862745, 0.0, 4.337349397590361, 5.853658536585366, 1.32, 0.7351407716371219, 1.3297872340425532, 0.0], "successRateList": [0.8443691354636848, 0.837056528638044, 0.8350781938742322, 0.829807161962367, 0.8243959451528109, 0.8194773818842481, 0.8134755470314208, 0.8035056771602062, 0.7894541663967288, 0.7693654851273349, 0.7416275721225873, 0.7058485618966718, 0.6525539003036753, 0.5475285459538772, 0.4321274158695382, 0.3030189809021327, 0.18117891114001142, 0.08289999999051631, 0.030987757149791812, 0.009772014588148603, 0.0], "precisionList": [0.014546779672209114, 0.06534387372066013, 0.18083762937383174, 0.3293964782988075, 0.4331456557443846, 0.541138338969079, 0.6026470765366398, 0.6503562809021547, 0.6827815379862553, 0.7070878054421651, 0.7310151459281145, 0.7408122305598328, 0.7487923120978132, 0.7552891590122537, 0.7632516607831751, 0.7676266865432393, 0.7745512722697426, 0.7778654904584361, 0.7813547798005052, 0.786203961616317, 0.7900127241132069, 0.7943524565223924, 0.7964539901036197, 0.7984620445815681, 0.800491312874251, 0.8011937225128053, 0.8047011139884118, 0.8067091684663602, 0.8093343255008761, 0.8107538376959982, 0.8143976813633504, 0.8157098470994658, 0.8176179015774141, 0.8190960247603378, 0.8203081904964529, 0.821527702691575, 0.8240538498773639, 0.8258831181700467, 0.8273685878119771, 0.8288540574539077, 0.8294564670924618, 0.8300662231900228, 0.8300662231900228, 0.8313802046396965, 0.8313802046396965, 0.8313802046396965, 0.8325997168348185, 0.8346949425743098, 0.8353046986718707, 0.8365242108669928, 0.8365242108669928], "fpsList": [2.116886074120048, 2.1206094391283536, 2.049238797892907, 1.8556220052142505, 2.131832575280473, 2.14345861331879, 1.96149776743882, 1.9394566289395396, 1.97141843711592, 1.9462947268616677], "fps": 2.023631506531077}