{"name": "OV", "desc": "Out-of-View - some portion of the target leaves the view.", "tracker": "MDResNet_2L", "evalType": "OPE", "seqs": ["Dudek", "Ironman", "Lemming", "Liquor", "Suv", "Tiger2"], "overlap": 66.74619819513316, "error": 2.09500902266079, "overlapScores": [0.7539919466208946, 0.5049330090713966, 0.5967297166461396, 0.7977922267281539, 0.8180732146162469, 0.5332517780251578], "errorNum": [0.611353711790393, 5.120481927710844, 1.601796407185629, 0.7869040781160253, 0.14814814814814814, 4.301369863013699], "successRateList": [0.9582563453123235, 0.9468443409162056, 0.9399963609938887, 0.9332776534501214, 0.9276541705141917, 0.9220123702946901, 0.9159670328543656, 0.8992990530209383, 0.8789423013888621, 0.8427795366148549, 0.790499097733921, 0.7186084512527406, 0.644923510743738, 0.5734323509457071, 0.48878169570283125, 0.4108181172254673, 0.3071531530280875, 0.19201677600611566, 0.08069029644547461, 0.01529467779122378, 0.0], "precisionList": [0.0033937195788131167, 0.022154031026020107, 0.07107774432514621, 0.13218456456462316, 0.19792036042263214, 0.26948563596409686, 0.31503525403854027, 0.37285974674499794, 0.4126682118603638, 0.4551088084632071, 0.4902708043366191, 0.5276790398951903, 0.5680165653101505, 0.5982570580712857, 0.631313514681063, 0.6698125176047899, 0.7012772256479268, 0.7277590982317275, 0.7538857909919109, 0.7784206493106066, 0.7969116770503817, 0.8108368638843512, 0.8256566188392859, 0.8427918935785735, 0.8558831630423892, 0.8642121471411196, 0.8716166108416373, 0.8811244483332819, 0.8895036030525567, 0.8959473947908778, 0.8994084294176874, 0.9057277111434386, 0.9089584321825247, 0.9118451430029872, 0.9145541551885388, 0.9161171103495103, 0.9197836336818662, 0.9210762779362666, 0.9267225728586027, 0.9293203505192955, 0.9308900789268155, 0.936532444303399, 0.9377569412897865, 0.9383893639803044, 0.939066465907001, 0.9396257544425485, 0.9407255009299339, 0.9422081691098333, 0.9424286500319639, 0.9430320526466082, 0.9440360687108652], "fpsList": [2.5112986824040706, 2.7539601257609334, 2.601506553590986, 2.6474688932251467, 2.619822195684759, 2.554647174831525], "fps": 2.6147839375829034}