{"name": "LR", "desc": "Low Resolution - the number of pixels inside the ground-truth bounding box is less than tr (tr =400).", "tracker": "RTMDNet", "evalType": "OPE", "seqs": ["Biker", "Box", "Car1", "Deer", "Ironman", "MotorRolling", "Panda", "RedTeam", "Surfer", "Walking2"], "overlap": 66.65199228426448, "error": 3.012439511281935, "overlapScores": [0.7036213754181471, 0.7520790152160175, 0.7098964681666208, 0.7524649361254261, 0.6374346927543145, 0.5491545790658804, 0.3377966440438605, 0.671618371996164, 0.7401425391796433, 0.8109906064603724], "errorNum": [5.563380281690141, 6.020671834625323, 0.1764705882352941, 0.0, 4.578313253012048, 3.963414634146342, 8.43, 1.1991657977059438, 0.13297872340425532, 0.06], "successRateList": [0.837479214805442, 0.8328653508991124, 0.8238483658858888, 0.8177435466087803, 0.8097435466087803, 0.7953904908342185, 0.7770610172882315, 0.7592988669498042, 0.7435780890480866, 0.7281338720056331, 0.6985015967259847, 0.6531885933142799, 0.6070112223988955, 0.5344385466942496, 0.44347934996096977, 0.3235017251226543, 0.20649811523823183, 0.10121648139216295, 0.03764227646894057, 0.010061584544427935, 0.0], "precisionList": [0.0144700707281195, 0.06349057761487675, 0.1889241219229189, 0.336539203921431, 0.4387476290378481, 0.5212045838829634, 0.5632405944576085, 0.602255519918842, 0.6429196395506571, 0.6725552544966524, 0.7049039948522648, 0.7357800916698812, 0.7549779513639795, 0.7656097423612422, 0.7759751196994854, 0.7826544849056083, 0.7854793352491896, 0.7901839864879127, 0.7927952761667009, 0.7960228428397713, 0.8012602797043484, 0.8055285723872752, 0.8079455574004989, 0.8128236061809867, 0.814731660658935, 0.8148316606589351, 0.8157414167564958, 0.8164511728540569, 0.8177706850491788, 0.8190901972443008, 0.8192901972443007, 0.8198999533418618, 0.8212194655369839, 0.8225316312730989, 0.8231413873706599, 0.8238437970092141, 0.8256657188428903, 0.8271797002925639, 0.8284992124876858, 0.828599212487686, 0.8298113782238012, 0.830111378223801, 0.8313235439599163, 0.8314235439599162, 0.8321333000574773, 0.8334528122525992, 0.8334528122525992, 0.8336528122525992, 0.8342552218911534, 0.8360697972658228, 0.8386014751970599], "fpsList": [7.146994301135511, 11.245564377814066, 10.486306084670051, 10.228461958951248, 8.192662897010809, 8.585841640038813, 13.26215216772031, 8.407129792354986, 8.210844398000308, 7.886518271702692], "fps": 9.365247588939878}