{"name": "LR", "desc": "Low Resolution - the number of pixels inside the ground-truth bounding box is less than tr (tr =400).", "tracker": "MDResGaNet_3L", "evalType": "OPE", "seqs": ["Biker", "Box", "Car1", "Deer", "Ironman", "MotorRolling", "Panda", "RedTeam", "Surfer", "Walking2"], "overlap": 67.08062954814494, "error": 2.369439066879911, "overlapScores": [0.795537225096749, 0.5993481275556435, 0.7798640862137721, 0.7560173223494755, 0.5646953811348848, 0.48799860612105533, 0.5983803304059718, 0.6815360616015878, 0.685941170459207, 0.7587446438761476], "errorNum": [5.140845070422535, 3.1093884582256677, 0.0196078431372549, 0.0, 5.120481927710844, 5.975609756097561, 2.5700000000000003, 0.8342022940563086, 0.9042553191489362, 0.02], "successRateList": [0.9134905161176325, 0.9109086122748714, 0.9077426558951146, 0.9014944918652986, 0.898668956278561, 0.8869418718223201, 0.8776063740355747, 0.8544281058059848, 0.8384507304720117, 0.8024839148090045, 0.7616879435693569, 0.7211952767083734, 0.6527330576074819, 0.5689722041173909, 0.4637275371028927, 0.3425337058588183, 0.20497196908549423, 0.10265780072866271, 0.03104889118506161, 0.008334168005693598, 0.0], "precisionList": [0.01489730764292752, 0.07433711520694919, 0.20152650719929674, 0.32763542860813455, 0.4389770974207594, 0.5392158170112369, 0.609674568949837, 0.6696186907242525, 0.7164562979921656, 0.7435989798436592, 0.7654541865666188, 0.7833398069519374, 0.8029615868050971, 0.8136265858865576, 0.8210313723495632, 0.8268638254745987, 0.8332780878053233, 0.8406665061917954, 0.8466846676002705, 0.8524232172611944, 0.8572944384540264, 0.8610249336370019, 0.8654513175618106, 0.8672014929782936, 0.8690239336833206, 0.8735432778400574, 0.8763840984869862, 0.8796048375724007, 0.8818858892652296, 0.8835360646817125, 0.8854514656186676, 0.8892683065009006, 0.8918649032616752, 0.8938517439248891, 0.8944615000224501, 0.8978548110873437, 0.900279142559574, 0.9014986547546959, 0.9015847873989682, 0.9040017724121917, 0.905213938148307, 0.9060896516926764, 0.9066994077902374, 0.9091310857214745, 0.9100067992658442, 0.9100067992658442, 0.9102727567126525, 0.9102727567126525, 0.9108751663512068, 0.9108751663512068, 0.9122836170554323], "fpsList": [1.9714981098064333, 1.9319220694968147, 1.9000226807239673, 1.6783996072509224, 2.0844491097085283, 1.9624510585374202, 1.8714576883722511, 1.9003395685620483, 1.8579024632555057, 1.8612845843779273], "fps": 1.901972694009182}