{"name": "LR", "desc": "Low Resolution - the number of pixels inside the ground-truth bounding box is less than tr (tr =400).", "tracker": "MDResGaNet_3L", "evalType": "OPE", "seqs": ["Deer", "Ironman", "MotorRolling", "Walking2"], "overlap": 64.18639883703908, "error": 2.779022920952101, "overlapScores": [0.7560173223494755, 0.5646953811348848, 0.48799860612105533, 0.7587446438761476], "errorNum": [0.0, 5.120481927710844, 5.975609756097561, 0.02], "successRateList": [0.9155340875697913, 0.9095099911842492, 0.903485894798707, 0.8898949456362033, 0.8838524831031442, 0.8564685571554511, 0.8366882162797531, 0.7925176315016162, 0.7773471936526594, 0.7468961210696444, 0.7220977079047899, 0.7033845136644137, 0.6540202534631828, 0.5885984280647151, 0.4814766713711597, 0.3540108375791038, 0.20094865756395558, 0.1010272501893524, 0.02262144834921962, 0.007551541100851361, 0.0], "precisionList": [0.00805154110085136, 0.030648305347808272, 0.07276017225894302, 0.13493236498036115, 0.2482856199790574, 0.3813610629394941, 0.4703251418590887, 0.5527364649253144, 0.6095821499670961, 0.6447546365468746, 0.6609070021066747, 0.6795279475856018, 0.7037559506317955, 0.7113779018513078, 0.7164510725830151, 0.7230302674111079, 0.733682632970908, 0.7478470467234792, 0.7605238025271819, 0.7726821921833675, 0.7833529238906847, 0.79095650896268, 0.8000844842785777, 0.8031332647663826, 0.8061820452541875, 0.8168344108139877, 0.8213524831031442, 0.8274316779312372, 0.8304620922715251, 0.83351087275933, 0.8380840434910373, 0.8456692624155158, 0.8517300910960917, 0.8562665295327652, 0.8577909197766677, 0.8654128709961798, 0.8714736996767558, 0.8745224801645607, 0.8745224801645607, 0.8805649426976198, 0.8835953570379077, 0.8851197472818102, 0.8866441375257126, 0.8927233323538055, 0.8942477225977079, 0.8942477225977079, 0.8942477225977079, 0.8942477225977079, 0.8957537466940935, 0.8957537466940935, 0.8957537466940935], "fpsList": [1.6783996072509224, 2.0844491097085283, 1.9624510585374202, 1.8612845843779273], "fps": 1.8966460899686997}