{"name": "OV", "desc": "Out-of-View - some portion of the target leaves the view.", "tracker": "MDResGaNet_3L", "evalType": "OPE", "seqs": ["Dudek", "Ironman", "Lemming", "Liquor", "Suv", "Tiger2"], "overlap": 71.10544663627269, "error": 1.7074960014147778, "overlapScores": [0.7901658398805087, 0.5646953811348848, 0.7532719632287457, 0.8245117388806219, 0.809520173191025, 0.5241617018605741], "errorNum": [0.017467248908296942, 5.120481927710844, 0.62125748502994, 0.2125215393452039, 0.328042328042328, 3.9452054794520546], "successRateList": [0.9501551310005825, 0.9454103484728261, 0.9387607437516371, 0.9261788724042676, 0.9195759276591059, 0.9106748733612444, 0.9014008936757895, 0.884731671301862, 0.8677219262226127, 0.849789021640991, 0.8291256493595203, 0.8002303836860198, 0.7615314350365301, 0.7114533308043541, 0.6431853861199047, 0.5534388012183814, 0.40529392183065455, 0.22462540844423085, 0.08797924111275633, 0.01924143989389108, 0.0], "precisionList": [0.0045802301269218465, 0.03745672201520874, 0.1030905120047698, 0.17821172863948453, 0.253644584988974, 0.3392619759528758, 0.4031937112902986, 0.46718891730772105, 0.5204192236727226, 0.5673287931172405, 0.6099247386492431, 0.6583811399214432, 0.6966257396684737, 0.7262677046138121, 0.7437639460173174, 0.7593950177531127, 0.7802778100543276, 0.7932062423775291, 0.8066082868794561, 0.8193280746609276, 0.8280274343731381, 0.8359550190767284, 0.84512598320736, 0.851696728687272, 0.8565681816379481, 0.8626135936881992, 0.8691624810993023, 0.8747153149612609, 0.8771965522902582, 0.8821079937570527, 0.8869056579223221, 0.8941036525915084, 0.9009616198597595, 0.9045651999443002, 0.9092254073254357, 0.9130455068524091, 0.9177108955007602, 0.9199249919315992, 0.9211834653618641, 0.9254830070607736, 0.9274002651341631, 0.9284516185578656, 0.9292534709835644, 0.9315675768221179, 0.9335547685231109, 0.9343125068697126, 0.9347691278742788, 0.9359544671495731, 0.9380922061450931, 0.938408417490352, 0.938533167989354], "fpsList": [1.88423326354945, 2.0844491097085283, 1.9099890558211747, 1.9054062866746964, 1.9005962988918799, 1.8537017284028696], "fps": 1.9230626238414332}