{"name": "LR", "desc": "Low Resolution - the number of pixels inside the ground-truth bounding box is less than tr (tr =400).", "tracker": "RoialMDNet_6b", "evalType": "OPE", "seqs": ["Deer", "Ironman", "MotorRolling", "Walking2"], "overlap": 68.3597504408739, "error": 1.9039612106964445, "overlapScores": [0.7901925708573362, 0.5775411400200567, 0.6016066694783971, 0.7650496372791661], "errorNum": [0.0, 5.1807228915662655, 2.1951219512195124, 0.24], "successRateList": [0.9141566265060241, 0.9066265060240963, 0.9036144578313253, 0.8915478989127241, 0.8855054363796651, 0.8789689979429915, 0.8729509256538348, 0.8694205113135469, 0.8639024390243902, 0.8441037320011754, 0.8096038789303556, 0.7451406112253893, 0.7006410520129298, 0.6381573921933009, 0.5401267543551052, 0.4034270175859742, 0.258160428039882, 0.13703256240351305, 0.04620595539147314, 0.009051541100851362, 0.0], "precisionList": [0.012551541100851361, 0.07418809211424882, 0.21299675100263643, 0.3415369702789171, 0.4310493268160239, 0.5122176062546303, 0.5595876815403145, 0.6226277766510908, 0.662526008534309, 0.7123831147330648, 0.7421104058970337, 0.7628354393182486, 0.7658842198060535, 0.7770365853658536, 0.7836341463414634, 0.7836341463414634, 0.7927804878048781, 0.8003657067293565, 0.8049205113135469, 0.8064449015574493, 0.8115180722891566, 0.8206644137525712, 0.8257375844842786, 0.8257375844842786, 0.83330443726124, 0.8424140464296209, 0.8439384366735234, 0.8439384366735234, 0.8530847781369381, 0.8596639729650308, 0.8672308257419923, 0.8702612400822805, 0.874797678518954, 0.8752976785189539, 0.8803524831031442, 0.8823768733470466, 0.8849012635909491, 0.8874072876873347, 0.8874072876873347, 0.8939864825154276, 0.89551087275933, 0.8970168968557155, 0.9005289450484866, 0.9020533352923891, 0.9035593593887745, 0.9035593593887745, 0.9035593593887745, 0.9035593593887745, 0.9050653834851601, 0.9065714075815456, 0.9080774316779312], "fpsList": [6.398359795462589, 6.5527368076842665, 7.320652391796286, 8.52783052999293], "fps": 7.199894881234018}