{"name": "OV", "desc": "Out-of-View - some portion of the target leaves the view.", "tracker": "RoialMDNet_6b", "evalType": "OPE", "seqs": ["Dudek", "Ironman", "Lemming", "Liquor", "Suv", "Tiger2"], "overlap": 65.5961458900294, "error": 3.1095669269527324, "overlapScores": [0.8317056993489194, 0.5775411400200567, 0.7238644446254283, 0.5702331664029718, 0.6183945195065391, 0.6140297834978486], "errorNum": [0.0, 5.1807228915662655, 1.437125748502994, 4.796094198736359, 4.01058201058201, 3.232876712328767], "successRateList": [0.9402467389257745, 0.9341684575462882, 0.9306537602503776, 0.922824450005316, 0.9185627399080868, 0.9084594186502457, 0.8917239827286237, 0.8609109522120452, 0.8009151543623761, 0.7447391079044959, 0.6890433073047267, 0.6537408899991052, 0.6143339280683117, 0.5644731240000467, 0.49757251010170406, 0.4146911600661922, 0.3056473325582954, 0.19247303425043152, 0.08322206050859841, 0.026720474639157787, 0.0], "precisionList": [0.00355141969944151, 0.01827750823928412, 0.06717993951898049, 0.12523418994132976, 0.19091329108924207, 0.2655298612908256, 0.3225340021796939, 0.389847309349117, 0.44132092162677533, 0.4756222204752787, 0.5161336186005145, 0.5466755227368904, 0.5756008933358993, 0.6105209658051405, 0.6476019393964332, 0.6830520882628132, 0.7124818651513932, 0.7403994099951982, 0.7615804705194932, 0.7777008081761588, 0.7964677446514571, 0.8088052239226231, 0.8248353943204706, 0.8347037710274697, 0.8451082589445914, 0.853749967265571, 0.862215331496499, 0.8676145586448861, 0.8735069291386478, 0.8803823507295242, 0.8867838913734674, 0.8936891427292285, 0.8990558608734501, 0.9013632467373905, 0.9042469944649598, 0.9071131555643107, 0.9093138910795814, 0.911671248036285, 0.9166783181395687, 0.9191778711151705, 0.9199779904532138, 0.9218644953630745, 0.9247874008017368, 0.9259193906453446, 0.9282135567020392, 0.929408737445656, 0.9302819909386698, 0.930926553342247, 0.9329801897425516, 0.9346079583018185, 0.9360529362103365], "fpsList": [8.442393003800142, 6.5527368076842665, 8.483838079109852, 7.961044029948836, 8.564082090781065, 7.609915722120164], "fps": 7.935668288907387}