{"name": "LR", "desc": "Low Resolution - the number of pixels inside the ground-truth bounding box is less than tr (tr =400).", "tracker": "MDResGaNet", "evalType": "OPE", "seqs": ["Deer", "Ironman", "MotorRolling", "Walking2"], "overlap": 68.51353236670577, "error": 1.8485527475756687, "overlapScores": [0.7597896382420501, 0.6166127874333683, 0.5865427171897917, 0.7775961518030208], "errorNum": [0.0, 3.6746987951807233, 3.7195121951219514, 0.0], "successRateList": [0.9518072289156627, 0.9487951807228916, 0.947289156626506, 0.947289156626506, 0.9442771084337349, 0.9382530120481928, 0.9367469879518072, 0.9276557449309433, 0.9078937702027623, 0.8471018219218337, 0.8151447252424331, 0.7742218941033802, 0.7162110834268023, 0.6592334477035591, 0.5404535952121781, 0.37912676470223045, 0.23197907190424355, 0.11199428424795024, 0.0402185064545368, 0.015097058105317182, 0.0], "precisionList": [0.013097058105317182, 0.053675750063117464, 0.13291253781874318, 0.26043347005334977, 0.3824971586793757, 0.4960637320839525, 0.5720001572763055, 0.6450279103359504, 0.7085498483111421, 0.7297044716136962, 0.741844495122365, 0.762505351533237, 0.7812980344600663, 0.8090624759429336, 0.8186904512588313, 0.828318426574729, 0.8374280357431099, 0.8480436690078763, 0.8606744049368205, 0.8652292095210108, 0.8697656479576844, 0.8773508668821628, 0.8849544519541581, 0.891015280634734, 0.897094475462827, 0.9001248898031149, 0.9061857184836909, 0.9077101087275933, 0.9107405230678812, 0.9152953276520717, 0.9168197178959742, 0.9168197178959742, 0.9183441081398765, 0.9213928886276814, 0.9244416691154863, 0.9244416691154863, 0.9274904496032912, 0.9290148398471937, 0.9290148398471937, 0.9305392300910961, 0.9305392300910961, 0.9320636203349986, 0.9351124008228033, 0.9411732295033794, 0.9411732295033794, 0.9426976197472818, 0.9472340581839553, 0.9487584484278577, 0.9487584484278577, 0.9487584484278577, 0.9502828386717602], "fpsList": [1.7418683096795553, 2.1416751557972944, 1.8897968676327248, 1.9732392579613913], "fps": 1.9366448977677415}