{"name": "LR", "desc": "Low Resolution - the number of pixels inside the ground-truth bounding box is less than tr (tr =400).", "tracker": "MDGaNet", "evalType": "OPE", "seqs": ["Biker", "Box", "Car1", "Deer", "Ironman", "MotorRolling", "Panda", "RedTeam", "Surfer", "Walking2"], "overlap": 69.17936405584713, "error": 2.891121966302295, "overlapScores": [0.7816075101436551, 0.8258185549923216, 0.8191161145573622, 0.704261556714836, 0.5414108096608072, 0.5779882403107823, 0.4596481395668383, 0.6552366789855462, 0.7600262224559506, 0.7928225781966132], "errorNum": [5.211267605633802, 6.02928509905254, 0.0, 0.0, 4.457831325301205, 3.8414634146341466, 6.23, 2.721584984358707, 0.07978723404255318, 0.34], "successRateList": [0.8839257674874628, 0.8814143132196873, 0.8796554906509975, 0.8705364773705206, 0.8643642849512082, 0.8573399548885174, 0.8278768266852433, 0.81654219653464, 0.794775920657715, 0.7506647000737484, 0.7104749775094994, 0.6762672880168982, 0.6407766474863121, 0.5932512429686693, 0.5114157491778173, 0.40368676255739466, 0.2704948875470705, 0.1409707912145565, 0.04934618740468051, 0.009334404076658696, 0.0], "precisionList": [0.017322179056507705, 0.0980926740422883, 0.24947398979716665, 0.38005230291447256, 0.46667647197782625, 0.5482496840178643, 0.6044790700880319, 0.6522635675904288, 0.6893608763799838, 0.7209226201399461, 0.7477802503139219, 0.768592749404035, 0.7837184464191073, 0.794679620830919, 0.8024972633680431, 0.8127612097061148, 0.8221350296850917, 0.8278674156352703, 0.8331998015854492, 0.8398296603537295, 0.8478839681375844, 0.8520986576061997, 0.8590350372712011, 0.8632520222844248, 0.8654568415615331, 0.8664453838443595, 0.8694647784961373, 0.8714793538708069, 0.872081763509361, 0.8726841731479154, 0.8757182607177066, 0.877532836092376, 0.8778189687366481, 0.8780189687366482, 0.8788213783752024, 0.8816286072908651, 0.8824310169294194, 0.8826310169294193, 0.8834334265679736, 0.8844358362065277, 0.8863522272947556, 0.8869546369333097, 0.8875570465718641, 0.8881594562104184, 0.8881594562104184, 0.8881594562104184, 0.8881594562104184, 0.8881594562104184, 0.8893642754875266, 0.8893642754875266, 0.8893642754875266], "fpsList": [2.8448702629407467, 3.0226265375519255, 2.6774190693997326, 2.2078329350599684, 2.616196771305099, 2.432354739974436, 2.6071620740679986, 2.6253523970186357, 2.5633523521248858, 2.6012007398583563], "fps": 2.6198367879301783}