{"name": "OV", "desc": "Out-of-View - some portion of the target leaves the view.", "tracker": "MDGaNet", "evalType": "OPE", "seqs": ["Biker", "Bird1", "Box", "ClifBar", "DragonBaby", "Dudek", "Human6", "Ironman", "Liquor", "Panda", "Tiger2"], "overlap": 66.61991654955149, "error": 3.530898866738765, "overlapScores": [0.7816075101436551, 0.3846505211461115, 0.8258185549923216, 0.5016142755703357, 0.7429371505545157, 0.8516840842556812, 0.7599572475606441, 0.5414108096608072, 0.8571808281071185, 0.4596481395668383, 0.6216816988926348], "errorNum": [5.211267605633802, 7.5245098039215685, 6.02928509905254, 6.63135593220339, 1.1504424778761062, 0.06986899563318777, 0.16414141414141414, 4.457831325301205, 0.02871912693854107, 6.23, 1.3424657534246576], "successRateList": [0.8611679046630144, 0.8520642164095498, 0.8448444663861623, 0.8332943515990557, 0.8239875496818873, 0.8141340192755073, 0.7946813997236979, 0.769041286275845, 0.7323793693924402, 0.68789463027933, 0.6468192042352144, 0.6081153166311234, 0.562978812858137, 0.5164842021705799, 0.46124248749528607, 0.38853811538160676, 0.293854882146906, 0.1813596867680432, 0.07879388531060254, 0.02260548199958665, 0.0], "precisionList": [0.01091158238418023, 0.04435210009248343, 0.1108444133630801, 0.18317236579339255, 0.2466513170280554, 0.31474272571846096, 0.37445612218928664, 0.4369245557524899, 0.4887241863818747, 0.5279207336647633, 0.5711470029726027, 0.6031861652315252, 0.6357818293943844, 0.6651916579067776, 0.6851961162342911, 0.7049041608352931, 0.7216425745996028, 0.7404554215009999, 0.7563423738773939, 0.7708170054168216, 0.7838810907416576, 0.7896308577498536, 0.7982548429446382, 0.8058537361177215, 0.8114600780468895, 0.8158790295234947, 0.8200420752322019, 0.8243619628985801, 0.8270115843964919, 0.8288314569144429, 0.8317708029468414, 0.8350596859442582, 0.8370467143167648, 0.8388669056828978, 0.8409053491982422, 0.8440698613981624, 0.8449197195093546, 0.8458372347097064, 0.8466297004362618, 0.8488427065463795, 0.8515607053369476, 0.854162882249312, 0.8561884595798893, 0.8580992527047733, 0.8595909814824687, 0.860819847684597, 0.861933929681032, 0.8634818378430812, 0.8657573444282863, 0.8674118291677954, 0.8679250519193565], "fpsList": [2.8448702629407467, 2.9069505476501103, 3.0226265375519255, 2.5958010645885223, 2.5211809984430222, 2.571804259218827, 2.571449181309631, 2.616196771305099, 2.593429860770346, 2.6071620740679986, 2.512912828508462], "fps": 2.6694894896686083}