{"name": "LR", "desc": "Low Resolution - the number of pixels inside the ground-truth bounding box is less than tr (tr =400).", "tracker": "MDResGaNet_3L_2", "evalType": "OPE", "seqs": ["Deer", "Ironman", "MotorRolling", "Walking2"], "overlap": 65.3243773480475, "error": 2.6332368498383776, "overlapScores": [0.7697275725000695, 0.6188821771058142, 0.4602919229210299, 0.7640734213949862], "errorNum": [0.0, 4.578313253012048, 5.914634146341463, 0.04], "successRateList": [0.9171135762562446, 0.9049735527475756, 0.9019431384072877, 0.8974066999706142, 0.8862727005583309, 0.8512851895386424, 0.8223768733470467, 0.8010905083749633, 0.7858833382309727, 0.7660846312077578, 0.7366763150161622, 0.7179754628269175, 0.6816162209814869, 0.6191116434132269, 0.507548039633629, 0.37649117183264147, 0.21638979276777323, 0.06623607587340086, 0.024118184865880563, 0.011572667861414742, 0.0], "precisionList": [0.008557565197236904, 0.029599818718363664, 0.07819934357836705, 0.16541646558753048, 0.2521979736189692, 0.36558737319597867, 0.46753442281665314, 0.5358703174084176, 0.5826098657770898, 0.6365317760219855, 0.6506413851903664, 0.6662688576359715, 0.6819146962290936, 0.6935394080616524, 0.705697797717838, 0.7122493388186895, 0.7203712900382016, 0.7340540699382898, 0.7371028504260946, 0.7401516309138996, 0.7568831913017926, 0.7675171907140759, 0.7796755803702615, 0.7902728474875111, 0.7933032618277991, 0.7993824566558918, 0.8054800176315016, 0.8105531883632089, 0.824254334410814, 0.8303518953864237, 0.8349066999706142, 0.8394798707023214, 0.851674992653541, 0.8562481633852483, 0.8562481633852483, 0.8623273582133412, 0.8669005289450484, 0.8684249191889509, 0.8714736996767558, 0.8760101381134293, 0.8775345283573317, 0.8805833088451366, 0.885138113429327, 0.8866625036732295, 0.8881868939171319, 0.8897112841610344, 0.8927600646488393, 0.8927600646488393, 0.8927600646488393, 0.8942844548927417, 0.8988392594769321], "fpsList": [1.8580424184646234, 2.203085167081335, 2.218650059533184, 1.9917647172614446], "fps": 2.0678855905851465}