{"name": "OV", "desc": "Out-of-View - some portion of the target leaves the view.", "tracker": "RTMDNet", "evalType": "OPE", "seqs": ["Dudek", "Ironman", "Lemming", "Liquor", "Suv", "Tiger2"], "overlap": 65.9035155623604, "error": 3.7237294393666622, "overlapScores": [0.8340085812282301, 0.5680521560168166, 0.7247669554198879, 0.7045440003649441, 0.5052712796340185, 0.617567961077726], "errorNum": [0.0, 8.192771084337348, 1.2949101796407185, 2.395175186674325, 8.02116402116402, 2.4383561643835616], "successRateList": [0.7678025584524643, 0.7657945263239502, 0.7645184129935311, 0.7624096940738848, 0.7589857041127263, 0.7544190215156586, 0.7505513369770459, 0.738639329400809, 0.7143409101923176, 0.6711721072515716, 0.6269215886911997, 0.5870699317462061, 0.5381294443683959, 0.5004028307418019, 0.4262477239023272, 0.33050681079415506, 0.24800760999978003, 0.1555391081301155, 0.06044032890192177, 0.0112052828023212, 0.0], "precisionList": [0.0034796118758603574, 0.011436978490741274, 0.04486013875135427, 0.09185718551640965, 0.14143694032888385, 0.21006693234507712, 0.28114490279841536, 0.3535994583104527, 0.39860476515464544, 0.4387293715132759, 0.4751066017579675, 0.5073951938874646, 0.5295170106289003, 0.5520589773787798, 0.5794691630690075, 0.6030452427109632, 0.6223968256051461, 0.6422974012891233, 0.6613060515191698, 0.67301370800292, 0.6828630669117134, 0.6903526600296978, 0.7010797599685783, 0.70635590887763, 0.7145032221317725, 0.7208794883050338, 0.7266322268824967, 0.7316296587004453, 0.7365015004116374, 0.7396681604240062, 0.7434477046408117, 0.7471667160808751, 0.7490831128302854, 0.7507291986731245, 0.75266125458284, 0.7548428114905595, 0.7564355479017121, 0.7585042783052399, 0.759024090209815, 0.759772593203827, 0.7612465911882186, 0.7619660741063569, 0.76334434166762, 0.7637562834360074, 0.7643376549395756, 0.7654664215028347, 0.7655911720018366, 0.7655911720018366, 0.7666909184892221, 0.7673239063368218, 0.7674196367599503], "fpsList": [14.221801853157954, 7.379573957801508, 15.242656035908187, 12.965745697285687, 12.651482190037859, 13.243100057850508], "fps": 12.617393298673617}