{"name": "LR", "desc": "Low Resolution - the number of pixels inside the ground-truth bounding box is less than tr (tr =400).", "tracker": "MDResGaNet_3L_2", "evalType": "OPE", "seqs": ["Biker", "Box", "Car1", "Deer", "Ironman", "MotorRolling", "Panda", "RedTeam", "Surfer", "Walking2"], "overlap": 68.60515212757822, "error": 2.5203787425002284, "overlapScores": [0.7941405799126763, 0.6706732099523377, 0.7816531228071976, 0.7697275725000695, 0.6188821771058142, 0.4602919229210299, 0.658680358959163, 0.6814902057615094, 0.6609026414430395, 0.7640734213949862], "errorNum": [5.140845070422535, 6.365202411714039, 0.0196078431372549, 0.0, 4.578313253012048, 5.914634146341463, 1.1700000000000002, 0.9645464025026068, 1.0106382978723403, 0.04], "successRateList": [0.8549643040052107, 0.8490444648145091, 0.8475194732181229, 0.8443090133893456, 0.8384776242605115, 0.8236847028435494, 0.8118128257933972, 0.801888575547026, 0.792656504605916, 0.7782379815718461, 0.7473450246029489, 0.7155569581879253, 0.6617199499469429, 0.58128719926745, 0.47173191440665685, 0.3470020389909517, 0.20675589703391878, 0.08892211818169493, 0.035687314623936484, 0.011642284650721419, 0.0], "precisionList": [0.014260242873872744, 0.07230385149239688, 0.19529064802322924, 0.33593500088459816, 0.43629733244775587, 0.5414332233287096, 0.613977249502226, 0.6597759728142194, 0.6915795822602273, 0.7201981522942542, 0.7333171060505075, 0.7440382269687953, 0.7535061487860906, 0.7606690467832891, 0.767356307203463, 0.77205922613432, 0.7761693330648465, 0.7822453735347871, 0.7842539468840866, 0.7858179896562971, 0.792855144388543, 0.7973671420862729, 0.8024166305930194, 0.8066555374399191, 0.8079677031760342, 0.8109653385540799, 0.8134043629443239, 0.8154336312370069, 0.8214140896560489, 0.8238531140462928, 0.8259409933267774, 0.8277702616194602, 0.8327483103999482, 0.834577578692631, 0.834577578692631, 0.8372752140706767, 0.8393704398101681, 0.8399801959077291, 0.8411997081028509, 0.8430142834775204, 0.84388999702189, 0.8453754666638205, 0.8471973884974966, 0.8478932772393296, 0.8485030333368908, 0.8491127894344517, 0.8503323016295736, 0.8504184342738459, 0.8504184342738459, 0.8510281903714068, 0.852850112205083], "fpsList": [2.135013839260253, 2.014462706984783, 2.0300470339291343, 1.8580424184646234, 2.203085167081335, 2.218650059533184, 1.9985427381479086, 1.9928040419966975, 2.00046301712989, 1.9917647172614446], "fps": 2.0442875739789255}