{"name": "LR", "desc": "Low Resolution - the number of pixels inside the ground-truth bounding box is less than tr (tr =400).", "tracker": "MDResNet_4L", "evalType": "OPE", "seqs": ["Biker", "Box", "Car1", "Deer", "Ironman", "MotorRolling", "Panda", "RedTeam", "Surfer", "Walking2"], "overlap": 50.9230642630879, "error": 5.1799257313605604, "overlapScores": [0.5984454326522299, 0.4348716056834847, 0.24824075996480474, 0.6572111646350326, 0.3509810437613554, 0.5652796001493552, 0.4736427037324644, 0.6249846710664233, 0.5728113131824286, 0.5658381314812114], "errorNum": [6.619718309859155, 6.623600344530577, 8.147058823529411, 1.5492957746478873, 9.036144578313253, 3.963414634146342, 6.44, 1.2408759124087592, 2.8191489361702127, 5.36], "successRateList": [0.8385635757647453, 0.8180948301942278, 0.7869688954161841, 0.7618547061459934, 0.7453352937729238, 0.7247282800498435, 0.69317194682293, 0.6536351424899653, 0.6044747115795869, 0.5541543657128274, 0.48102864355686437, 0.40797320146699995, 0.32596048181935106, 0.24160936561819332, 0.18043194680610797, 0.12258820346512053, 0.07179424902709627, 0.0449755125903684, 0.015598330315798584, 0.005959850395437813, 0.0], "precisionList": [0.010314372144509604, 0.025608148127097004, 0.06359312567978784, 0.11331360798199872, 0.16093941370929216, 0.2129412380924865, 0.261229099109939, 0.32335785647593845, 0.3766215920260842, 0.43534212610142065, 0.47984442923319415, 0.5185322988185087, 0.5430367757838072, 0.5742683939640123, 0.6062674280409837, 0.6300124136824664, 0.6614596194682457, 0.6810091169073754, 0.6966115100370762, 0.711015494906101, 0.7279393979574622, 0.7395706634573258, 0.746612922687216, 0.7562330155096865, 0.7622213889873591, 0.769210559721542, 0.7761734659630074, 0.780531224043327, 0.7844332535360341, 0.7881904688283895, 0.7916738589703193, 0.7947887880931628, 0.7994686050687343, 0.804263736658901, 0.8078399668261399, 0.8110825828364312, 0.8137175932230148, 0.8169527209087679, 0.8210449411340017, 0.8256683443265164, 0.8275128270795973, 0.829489414967002, 0.8304675147844799, 0.8334544973132253, 0.8339446933916568, 0.8350309679014606, 0.8357874050499635, 0.8402052041668953, 0.8406012825982676, 0.8413735478868121, 0.8422676655338709], "fpsList": [1.9824444353042947, 2.1047908243363787, 2.122872905023338, 1.897141670970337, 2.34325467226757, 2.052357030200153, 2.02219158732412, 2.0785689836950194, 1.5863323391571686, 2.144750751549492], "fps": 2.033470519982787}