{"name": "OV", "desc": "Out-of-View - some portion of the target leaves the view.", "tracker": "MDResNet_4L", "evalType": "OPE", "seqs": ["Biker", "Bird1", "Box", "ClifBar", "DragonBaby", "Dudek", "Human6", "Ironman", "Liquor", "Panda", "Tiger2"], "overlap": 53.080885820486024, "error": 5.3077275856709, "overlapScores": [0.5984454326522299, 0.49174640002946485, 0.4348716056834847, 0.45883037744809047, 0.5978103066409849, 0.7558243937719735, 0.4814467812712926, 0.3509810437613554, 0.8085393730914164, 0.4736427037324644, 0.386759022170706], "errorNum": [6.619718309859155, 5.8578431372549025, 6.623600344530577, 6.567796610169491, 2.743362831858407, 0.10480349344978165, 6.666666666666666, 9.036144578313253, 0.5743825387708213, 6.44, 7.150684931506849], "successRateList": [0.8600836279042262, 0.8467613663160456, 0.8320903930474127, 0.8202672461853348, 0.8036689130826011, 0.7809805838954663, 0.7445443622135385, 0.6884510547820551, 0.6098859849657771, 0.5431950194311352, 0.46844818466382326, 0.40547602192835497, 0.3538138888110204, 0.30422650792366573, 0.24931436593751363, 0.18859576446379672, 0.12939865326024022, 0.07853539578488039, 0.035629114487588584, 0.009297038956907214, 0.0], "precisionList": [0.008658802615686577, 0.02075700644460167, 0.04750560884737464, 0.0803627640390303, 0.12134064193542828, 0.16093405692898013, 0.2086132612269691, 0.2543648928543079, 0.30879185145440596, 0.3598875110784529, 0.4080277360561743, 0.4489429196675671, 0.4846510178093327, 0.5152173752623809, 0.5450638518450157, 0.5753810492823267, 0.601671370148848, 0.6287657289190842, 0.650228335858314, 0.6679633792303851, 0.683798192175684, 0.6984465330979536, 0.7112975971841987, 0.7209624335187675, 0.7318903031973577, 0.7409557216882032, 0.749674828530464, 0.760365287154317, 0.766420525811451, 0.772224500030902, 0.7803338354685103, 0.7843769280340033, 0.788382038206019, 0.7937739991826668, 0.7996698761207742, 0.8041065067093268, 0.8067263906501579, 0.8104384895052454, 0.8137410648005278, 0.8173134980830196, 0.8207250778075488, 0.8237521068510012, 0.8254975950062392, 0.8297932916427161, 0.8327799776696985, 0.8344413744847693, 0.8349253476989115, 0.8371316861664841, 0.8373155159412984, 0.8391226413194868, 0.8415761754965395], "fpsList": [1.9824444353042947, 2.0963499046701757, 2.1047908243363787, 2.1020641699097795, 2.103739898727199, 2.09153784570778, 1.5264762409262982, 2.34325467226757, 2.0577472030297357, 2.02219158732412, 2.1736151416526686], "fps": 2.0549283567141816}