{"name": "LR", "desc": "Low Resolution - the number of pixels inside the ground-truth bounding box is less than tr (tr =400).", "tracker": "MDResNet_2L", "evalType": "OPE", "seqs": ["Biker", "Box", "Car1", "Deer", "Ironman", "MotorRolling", "Panda", "RedTeam", "Surfer", "Walking2"], "overlap": 60.36397910594131, "error": 3.3298890575551363, "overlapScores": [0.7496594501461009, 0.6250367782034114, 0.7733438715135126, 0.6088598624324961, 0.5049330090713966, 0.3954962902156941, 0.6022078641221633, 0.4909284027802957, 0.5843490320629994, 0.7015833500460616], "errorNum": [5.070422535211268, 1.0335917312661498, 0.029411764705882353, 1.6901408450704225, 5.120481927710844, 8.71951219512195, 2.66, 5.6100104275286755, 3.00531914893617, 0.36], "successRateList": [0.8665185187359775, 0.8546694333543045, 0.8484727967783557, 0.8432082382109136, 0.8341714169221405, 0.8225915261622531, 0.7999832400526146, 0.7741804680357349, 0.7501297806547288, 0.7142230816773377, 0.6665546813143507, 0.604187466314559, 0.5170739620948472, 0.43146487765728214, 0.32323719958460917, 0.21635246666622496, 0.12234621411726096, 0.05263027354130769, 0.019592664996066204, 0.006629821341761155, 0.0], "precisionList": [0.013712403627052403, 0.06486549703808427, 0.17314969576382983, 0.29370385086896456, 0.3784197614372237, 0.4657467422669389, 0.5230498702670662, 0.5724753558431649, 0.6030986949667982, 0.6276491173405182, 0.6463756714384626, 0.6625546108389985, 0.6826358686180075, 0.6941748169703976, 0.7071010334739964, 0.7174040998110445, 0.726892189782453, 0.7384231016679872, 0.7437936540087328, 0.7518241668726467, 0.7616757852345676, 0.7673400297335773, 0.7749644179270472, 0.7832846472709211, 0.7906043654200031, 0.7986320792242242, 0.8047022353386929, 0.8089222160366785, 0.813572341084674, 0.8165003321185772, 0.8188322222302308, 0.8232820124527359, 0.8252324000496352, 0.8271034825899178, 0.8301047009290823, 0.8311195360104016, 0.8325526088703168, 0.833367443951636, 0.8360632151501252, 0.8368378900772238, 0.8375264323600501, 0.8405458270118281, 0.8417579927479432, 0.8436733936848982, 0.8448929058800202, 0.8458471925546698, 0.8464496021932242, 0.8470520118317783, 0.847756237183891, 0.8484604625360037, 0.849062872174558], "fpsList": [2.527880516300343, 2.481938915573363, 2.5920762738321916, 2.3144719157906466, 2.7539601257609334, 2.7819521619520615, 2.584210532204636, 2.586605055714934, 2.5771599455071588, 2.6163624123844733], "fps": 2.5816617855020736}