{"name": "OV", "desc": "Out-of-View - some portion of the target leaves the view.", "tracker": "MDResNet_2L", "evalType": "OPE", "seqs": ["Biker", "Bird1", "Box", "ClifBar", "DragonBaby", "Dudek", "Human6", "Ironman", "Liquor", "Panda", "Tiger2"], "overlap": 56.55489122985588, "error": 4.235376466535887, "overlapScores": [0.7496594501461009, 0.2621654603597277, 0.6250367782034114, 0.4646841926138292, 0.7350121100948916, 0.7539919466208946, 0.19230321929841993, 0.5049330090713966, 0.7977922267281539, 0.6022078641221633, 0.5332517780251578], "errorNum": [5.070422535211268, 9.852941176470589, 1.0335917312661498, 6.2923728813559325, 0.8849557522123894, 0.611353711790393, 9.974747474747476, 5.120481927710844, 0.7869040781160253, 2.66, 4.301369863013699], "successRateList": [0.7604253552612312, 0.7501542094213792, 0.7439392164295966, 0.7381876500910161, 0.7315329604038605, 0.726223945656377, 0.711018101920163, 0.6906101074934188, 0.6643175616637483, 0.6254261133622102, 0.576189626073684, 0.5146485260353052, 0.4511970366424399, 0.3946557430416257, 0.32289258699112267, 0.24990849735647025, 0.17231922505061611, 0.09522659712012144, 0.03891498496265188, 0.008950884178917866, 0.0], "precisionList": [0.009503792250838363, 0.0342329000446417, 0.08559723439910769, 0.14280861205403383, 0.19556984341460532, 0.25782445909279694, 0.29857646990103703, 0.350377462770565, 0.3861248962126934, 0.4209213150740758, 0.45014362964686483, 0.4801913840502157, 0.5083339880207846, 0.532522556331893, 0.5531537254053955, 0.5743416248239341, 0.5924207966808852, 0.607778821075583, 0.6201176220076872, 0.6348686659844804, 0.6478786132088339, 0.6566697831373989, 0.667679177867014, 0.6806553301055955, 0.6910947000467366, 0.6978134310047032, 0.7043546566905686, 0.7113723362001814, 0.7179671984558355, 0.7232065637130594, 0.7260322782365666, 0.7318860183146257, 0.7348695870706546, 0.7372151725785041, 0.7394673605155514, 0.7405642515077993, 0.7432439194422208, 0.7445922624414024, 0.7481865197238556, 0.7505223192438911, 0.7514755163618877, 0.7551041120575579, 0.7562643907822172, 0.7568891601688162, 0.7575347953828205, 0.7586172883803577, 0.7598923513107103, 0.7607010794088374, 0.7619539178730953, 0.7631995583279007, 0.7638619876595524], "fpsList": [2.527880516300343, 2.866652434885644, 2.481938915573363, 2.6371275356043253, 2.490406255560252, 2.5112986824040706, 2.8625812290977124, 2.7539601257609334, 2.6474688932251467, 2.584210532204636, 2.554647174831525], "fps": 2.628924754131632}