{"name": "LR", "desc": "Low Resolution - the number of pixels inside the ground-truth bounding box is less than tr (tr =400).", "tracker": "RoialMDNet_1", "evalType": "OPE", "seqs": ["Deer", "Ironman", "MotorRolling", "Walking2"], "overlap": 55.390191136662835, "error": 5.494269761974728, "overlapScores": [0.7468828644369545, 0.3497960758404212, 0.4500752362794462, 0.6688534689096912], "errorNum": [0.0, 9.879518072289157, 6.097560975609756, 6.0], "successRateList": [0.620243461651484, 0.5986338524831032, 0.5931034381428152, 0.5860546576550103, 0.5744266823391125, 0.5495852189244784, 0.5318169262415515, 0.5125242433147223, 0.49882912136350277, 0.48003643843667354, 0.4505730238025272, 0.42365838965618574, 0.3876250677736711, 0.3638909557846639, 0.30147649340060345, 0.19680524640644337, 0.12842374996378506, 0.07672708215203652, 0.03763604814310489, 0.013572667861414742, 0.0], "precisionList": [0.00805154110085136, 0.036160438387007325, 0.09433271595485342, 0.14448713024547521, 0.1861594078133213, 0.21986209972145537, 0.2757586988282915, 0.30193423987947665, 0.3251406981412424, 0.35791053668469824, 0.3917047654720565, 0.4099177507005004, 0.41396653118830523, 0.4220884824078175, 0.43475595063179545, 0.44692668233911254, 0.4524998530708198, 0.4631705847781369, 0.46621936526594177, 0.47434131648545397, 0.48496326770496617, 0.49504246253305906, 0.5061156332647664, 0.5222375844842786, 0.5348595357037907, 0.5500058771672054, 0.5590790478989127, 0.5641278283867176, 0.56915221863062, 0.5762253893623274, 0.5767253893623274, 0.5787497796062298, 0.5802741698501322, 0.5827985600940346, 0.5888777549221276, 0.590383779018513, 0.5954569497502203, 0.5990057302380253, 0.6035177784307963, 0.6070665589186013, 0.6105909491625037, 0.6131153394064062, 0.6181885101381135, 0.6181885101381135, 0.6206945342344989, 0.6247433147223038, 0.6277677049662063, 0.6292920952101088, 0.6297920952101087, 0.6348285336467823, 0.6348285336467823], "fpsList": [7.774687570669642, 7.5383675981567935, 3.077216270591738, 13.28624291839778], "fps": 7.9191285894539885}