{"name": "OV", "desc": "Out-of-View - some portion of the target leaves the view.", "tracker": "RoialMDNet_1", "evalType": "OPE", "seqs": ["Dudek", "Ironman", "Lemming", "Liquor", "Suv", "Tiger2"], "overlap": 62.357414471497265, "error": 3.9300794528056024, "overlapScores": [0.8421621732200584, 0.3497960758404212, 0.6969623176432274, 0.8018950577161162, 0.6018868885811629, 0.44874235528884976], "errorNum": [0.07860262008733625, 9.879518072289157, 2.776946107784431, 0.3044227455485353, 4.34920634920635, 6.191780821917808], "successRateList": [0.8143828270410686, 0.8103006843142398, 0.7832517610023343, 0.761545052347223, 0.7515602250948473, 0.7406901143005341, 0.7124322078308613, 0.6748626931722176, 0.6376417818794305, 0.6210319344845694, 0.6065354337148735, 0.5922363575709485, 0.5776218674574908, 0.5560519855737166, 0.5224555974386893, 0.4768715031228597, 0.3878771987263357, 0.2695571832185702, 0.1221254220921078, 0.028736906114941504, 0.0], "precisionList": [0.0047124828908584, 0.03226659056660868, 0.09488235605084432, 0.15860589521801216, 0.2164630500753133, 0.27478329487717684, 0.32157032210029796, 0.3642513544676285, 0.3998832802677998, 0.4263015304334892, 0.45710115344704544, 0.47788401488462723, 0.5027827906956425, 0.5253223502174046, 0.5468248781550978, 0.5618107355297138, 0.5756309402982122, 0.5868950336196086, 0.5966556433920503, 0.6033559248028905, 0.6108426063946438, 0.6172747645542812, 0.6253255862109877, 0.6316270408220884, 0.6375309325998918, 0.64876672274981, 0.6574981619569386, 0.6651851315762817, 0.6778044058429221, 0.687189589534282, 0.6930041746966724, 0.7006437068068981, 0.7079885986547395, 0.713517974924561, 0.7206001992390881, 0.7280891127871015, 0.7352585611905534, 0.7424321351569838, 0.7481404634884526, 0.7527632903250652, 0.7582041058463999, 0.7653986465431085, 0.7727054397841976, 0.7778107363357082, 0.7817734950300457, 0.7851459828586212, 0.7896723488965908, 0.7946970623001323, 0.7973866790247318, 0.8033479158549534, 0.8068677504506891], "fpsList": [11.269280997700927, 7.5383675981567935, 10.870595854807693, 10.662547938592047, 11.624046507033682, 12.0587561920499], "fps": 10.670599181390173}