{"name": "OV", "desc": "Out-of-View - some portion of the target leaves the view.", "tracker": "MDNet", "evalType": "OPE", "seqs": ["Biker", "Bird1", "Box", "ClifBar", "DragonBaby", "Dudek", "Human6", "Ironman", "Liquor", "Panda", "Tiger2"], "overlap": 68.03132057397342, "error": 2.733184566331467, "overlapScores": [0.7048447778377843, 0.5002354073644808, 0.72923089856345, 0.5514186458726417, 0.7666930051754719, 0.86145941842948, 0.7646958782864425, 0.6220386659204502, 0.8465634925030788, 0.5270647808344247, 0.6092002923493708], "errorNum": [5.352112676056338, 7.058823529411765, 0.4306632213608958, 5.211864406779662, 1.238938053097345, 0.0, 0.1388888888888889, 3.855421686746988, 0.022975301550832855, 4.18, 2.5753424657534247], "successRateList": [0.8829646353642411, 0.8783513188005547, 0.8725895690425431, 0.8643639190919633, 0.8598102241631637, 0.8518871561999076, 0.8420085216277058, 0.822249881139125, 0.8031103646395507, 0.7714409744202673, 0.7264088160941259, 0.6822488485976735, 0.6361419321895021, 0.5823595211806855, 0.5087691007830353, 0.4206576051139624, 0.3107760159129907, 0.19891790420473987, 0.08886129712964377, 0.02470102152832683, 0.0], "precisionList": [0.01138165334282314, 0.044367594201843046, 0.11885880959549065, 0.20376124138217058, 0.2882557577884209, 0.36651418128388397, 0.43096279348140526, 0.4989608935666368, 0.552251950326252, 0.590384436094683, 0.6265200868362357, 0.6523269333570143, 0.6832234447830753, 0.7136746609573796, 0.7391106832158233, 0.7580176516849622, 0.7784489720170419, 0.7914697486363941, 0.8018244088487614, 0.8104140855215451, 0.8185442854230419, 0.824831747953817, 0.8341222691019848, 0.8390682974922796, 0.8449874096582829, 0.8494242601953804, 0.8538495660417458, 0.8565455702289472, 0.8592363211444948, 0.8620844333979725, 0.8646788730041632, 0.8672417242068854, 0.870205148056741, 0.8712915226709782, 0.8733686587011597, 0.8750561428931118, 0.8770027367538608, 0.8779865839313831, 0.8796379797597289, 0.8803721131584247, 0.8812219712696169, 0.8835187496805517, 0.8847840630542337, 0.8857514088445758, 0.8858308054305227, 0.8860536218298097, 0.8861330184157565, 0.8866934354200239, 0.8866934354200239, 0.8871390682185979, 0.8875847010171718], "fpsList": [2.86700801961594, 3.0539518025047006, 2.894738769883858, 2.8811374259969513, 2.765790862527179, 2.8778405434519114, 2.8144744646928186, 2.779056158032441, 2.8133064126611655, 2.806585930686407, 2.7593013976365053], "fps": 2.8466537988808978}