{"name": "OV", "desc": "Out-of-View - some portion of the target leaves the view.", "tracker": "RoialMDNet_6b", "evalType": "OPE", "seqs": ["Biker", "Bird1", "Box", "ClifBar", "DragonBaby", "Dudek", "Human6", "Ironman", "Liquor", "Panda", "Tiger2"], "overlap": 59.28025044751147, "error": 4.982286224821039, "overlapScores": [0.7360460516685124, 0.4232774386759379, 0.7895156852865806, 0.46659095942448603, 0.5962580557914526, 0.8317056993489194, 0.6256979885157284, 0.5775411400200567, 0.5702331664029718, 0.28993158059376667, 0.6140297834978486], "errorNum": [5.352112676056338, 9.852941176470589, 6.020671834625323, 6.313559322033898, 2.566371681415929, 0.0, 2.9797979797979797, 5.1807228915662655, 4.796094198736359, 8.51, 3.232876712328767], "successRateList": [0.7650658502598368, 0.759270550648547, 0.7536885437641129, 0.735331588592421, 0.7099707779705084, 0.672278954117924, 0.6460419396352923, 0.6193362860314908, 0.5833175635087932, 0.5446745997492073, 0.5017713775178959, 0.4604664337237823, 0.41803327549297187, 0.36512943856268215, 0.30056593442173346, 0.23445528789825698, 0.16423275852659375, 0.10276899774873981, 0.04838795226148967, 0.01791703754749327, 0.0], "precisionList": [0.010383581702913779, 0.033181928413312925, 0.08587239317837349, 0.1415262870677538, 0.18764334037109845, 0.23910271867684327, 0.2864445079229079, 0.34068270191259387, 0.38895967200987513, 0.42846682127879004, 0.477960759113431, 0.5191045812593033, 0.5473559780100603, 0.5770726621937623, 0.599518968832859, 0.6166054976667699, 0.6348679554610898, 0.6510101955792044, 0.6632984212389561, 0.6735237109244713, 0.6858376761840369, 0.6938593057358878, 0.703780704793959, 0.7111464122312733, 0.7186593925690175, 0.7228076775149695, 0.7263552052092601, 0.7287676093732476, 0.7326291437981621, 0.7361467757034937, 0.7400038785068165, 0.7432260134324956, 0.746080786273156, 0.7471629162691915, 0.7492867760070022, 0.7505287910058712, 0.7517478714151209, 0.7530029200842804, 0.7551802082673293, 0.757134398588596, 0.757134398588596, 0.7581237137232083, 0.759570401153182, 0.7598194671556727, 0.7610213688420892, 0.7611007654280361, 0.7613235818273228, 0.7623807838838071, 0.7629284290097654, 0.7634760741357237, 0.7643577208619362], "fpsList": [7.238512109793474, 5.278559178754869, 8.503208754565117, 8.782026565722404, 6.7167063725759455, 8.442393003800142, 7.479657758038195, 6.5527368076842665, 7.961044029948836, 8.634993481217144, 7.609915722120164], "fps": 7.563613980383687}