{"name": "LR", "desc": "Low Resolution - the number of pixels inside the ground-truth bounding box is less than tr (tr =400).", "tracker": "RoialMDNet_2", "evalType": "OPE", "seqs": ["Deer", "Ironman", "MotorRolling", "Walking2"], "overlap": 58.154294189107226, "error": 3.663542462533059, "overlapScores": [0.7667159729278307, 0.2517752438985603, 0.5178691861944921, 0.7898113645434057], "errorNum": [0.0, 9.518072289156626, 4.7560975609756095, 0.38], "successRateList": [0.795052159858948, 0.7769431384072877, 0.7679130179253599, 0.7583768733470467, 0.7493283867176022, 0.7432552159858948, 0.7250052894504848, 0.7153589479870702, 0.6996578019394653, 0.6671639729650309, 0.6336457537466941, 0.6026763150161623, 0.578856481232384, 0.5185797597811376, 0.43953405859784034, 0.3425127476584455, 0.23060481224106316, 0.13190262320322169, 0.0441149213825415, 0.01707266786141474, 0.0], "precisionList": [0.01105154110085136, 0.04255154110085136, 0.147229842765083, 0.23590538381626816, 0.3046324659683047, 0.36039853815812894, 0.4037106302227115, 0.45559539014870887, 0.47528674574629676, 0.5166785355092648, 0.5499636857288308, 0.571197797717838, 0.5782677049662063, 0.5919688510138114, 0.5980664119894211, 0.6061699970614165, 0.6152979723773141, 0.6229199235968264, 0.6325662650602409, 0.646285777255363, 0.6539077284748751, 0.6600052894504849, 0.6666028504260946, 0.6732004114017044, 0.6777735821334117, 0.682346752865119, 0.6874199235968264, 0.6904687040846311, 0.6950418748163385, 0.6995966794005289, 0.7016027034969146, 0.7082002644725243, 0.7097062885689098, 0.7147794593006171, 0.7147794593006171, 0.7167854833970027, 0.7233402879811931, 0.726870702321481, 0.7339131648545401, 0.7384619453423449, 0.7419739935351161, 0.7419739935351161, 0.745004407875404, 0.7465104319717896, 0.7480348222156921, 0.7495408463120776, 0.7525712606523656, 0.7540772847487511, 0.757126065236556, 0.757126065236556, 0.7586320893329415], "fpsList": [3.855321042056169, 4.699582119549583, 5.357355498626014, 4.2608588798769285], "fps": 4.543279385027174}