{"name": "OV", "desc": "Out-of-View - some portion of the target leaves the view.", "tracker": "RTMDNet", "evalType": "OPE", "seqs": ["Biker", "Bird1", "Box", "ClifBar", "DragonBaby", "Dudek", "Human6", "Ironman", "Liquor", "Panda", "Tiger2"], "overlap": 58.72853387274759, "error": 5.364596557132086, "overlapScores": [0.7106497210013203, 0.18225658245007959, 0.7275627197934258, 0.4707481524639613, 0.7500045069696808, 0.8340085812282301, 0.47700869227141857, 0.5680521560168166, 0.7045440003649441, 0.41773565236463284, 0.617567961077726], "errorNum": [5.211267605633802, 9.705882352941176, 6.11541774332472, 7.330508474576272, 3.0973451327433628, 0.0, 7.133838383838383, 8.192771084337348, 2.395175186674325, 7.39, 2.4383561643835616], "successRateList": [0.6936962101125934, 0.686448821048505, 0.6728425240883775, 0.656573156884967, 0.6471100324975758, 0.6368414820468336, 0.6186381725746309, 0.5867818504606654, 0.5519556396234723, 0.5036422017660628, 0.46331077587540476, 0.4218210646399813, 0.3790611391159819, 0.34616416530914923, 0.2886875511501852, 0.21425129127202658, 0.14709660049766954, 0.09208567830330715, 0.037249067174036914, 0.008033535448616479, 0.0], "precisionList": [0.007991309175266241, 0.01922208694334819, 0.0610664352101123, 0.10843742021784436, 0.1641386640339668, 0.2214830364266909, 0.26728771655126027, 0.3271332511872701, 0.37633354652109047, 0.4161437893886042, 0.45218914842188107, 0.47782744107529834, 0.49633427374152483, 0.5117612605494664, 0.5289484333716243, 0.5436720376877372, 0.5560418173043626, 0.5668128082449833, 0.5790434246054935, 0.5858891693648395, 0.5927488179210848, 0.5982781493666557, 0.6054259942815476, 0.6092136260675628, 0.6166954140919467, 0.6233705336205806, 0.629296183272371, 0.635046072732849, 0.6425932113707616, 0.6477120121029283, 0.6543410146270382, 0.6603350189845956, 0.6668423472328833, 0.6709769732000207, 0.6756299953577991, 0.6803059952931879, 0.6832921328062248, 0.6879092940756449, 0.6910406001306134, 0.6929716755911007, 0.6955026127719801, 0.6973576165970085, 0.699377200360681, 0.7006749401888154, 0.7021596244055339, 0.7038281035400268, 0.7049489375485612, 0.7067382207549568, 0.7075608988746359, 0.7079247490828199, 0.7100688531442257], "fpsList": [10.087412519487701, 6.897884727754437, 13.92064075735441, 11.433672890136318, 9.844461708226238, 14.221801853157954, 13.831861218565736, 7.379573957801508, 12.965745697285687, 15.862697120666233, 13.243100057850508], "fps": 11.789895682571522}