{"name": "OV", "desc": "Out-of-View - some portion of the target leaves the view.", "tracker": "RTMDNet", "evalType": "OPE", "seqs": ["Biker", "Bird1", "Box", "ClifBar", "DragonBaby", "Dudek", "Human6", "Ironman", "Liquor", "Panda", "Tiger2"], "overlap": 57.159560589340764, "error": 5.025359821775597, "overlapScores": [0.7415586427573592, 0.46186898817864824, 0.6927340108109604, 0.4552282947390027, 0.7586020204016254, 0.8364954668191811, 0.5738591434847644, 0.4840727638873442, 0.3821372367784474, 0.30951353785503194, 0.5914815591151195], "errorNum": [5.211267605633802, 8.504901960784313, 6.1757105943152455, 6.228813559322034, 0.9734513274336283, 0.0, 2.462121212121212, 6.2048192771084345, 7.748420448018381, 8.29, 3.4794520547945207], "successRateList": [0.8034782476576872, 0.7963471010020129, 0.7916891143343764, 0.7748819004994946, 0.7324091719217801, 0.6818063527987225, 0.6353533311997128, 0.6001426568952775, 0.5675726108606645, 0.5384455847814814, 0.4971566296105836, 0.45219323276270607, 0.40300277099130266, 0.35614376076099935, 0.3119525334863245, 0.24156973268735743, 0.16709629150293448, 0.09172361781228053, 0.032993379042760534, 0.007342209385021919, 0.0], "precisionList": [0.007878101755049717, 0.026970636358567068, 0.06839100041668911, 0.12791646747590724, 0.18278301275491282, 0.23471305034965811, 0.2751609480618787, 0.3208908148229751, 0.3596568521087654, 0.3999759302596813, 0.44556810918427847, 0.4897830976638991, 0.5163146887852145, 0.5365083574704037, 0.5545420169678563, 0.5717368598314148, 0.5859591181919638, 0.597784485864711, 0.6102633573738502, 0.6262145118700951, 0.6416801653001377, 0.657827215195706, 0.6730428069900701, 0.6850018023300133, 0.6978369368628422, 0.7131839626611355, 0.7281392940037391, 0.7397508780427948, 0.7487866110541321, 0.7569306365925687, 0.7626442331075179, 0.7697449480619859, 0.7761344709775702, 0.7824448341173208, 0.7852930850636528, 0.78865869959232, 0.7920010420454783, 0.7935044952439744, 0.7952324010766525, 0.7970764177944443, 0.7985864329119817, 0.7993624683060836, 0.8004147148371491, 0.8029256883009172, 0.8051880092895929, 0.8059026552156783, 0.8061322236270648, 0.8068468695531503, 0.8077321152840888, 0.809764867861378, 0.8119982123718595], "fpsList": [10.56010874307346, 6.312688146370008, 10.485411502311502, 15.194761316951801, 10.885752395918662, 14.985243609890862, 13.496019775930618, 9.249574804588127, 13.272612675180218, 15.106487325920257, 12.93893808329173], "fps": 12.044327125402475}