{"name": "LR", "desc": "Low Resolution - the number of pixels inside the ground-truth bounding box is less than tr (tr =400).", "tracker": "RoialMDNet_1", "evalType": "OPE", "seqs": ["Biker", "Box", "Car1", "Deer", "Ironman", "MotorRolling", "Panda", "RedTeam", "Surfer", "Walking2"], "overlap": 60.80297993038333, "error": 3.74093389679702, "overlapScores": [0.7439860386875254, 0.7310616830928169, 0.7100643583942884, 0.7468828644369545, 0.3497960758404212, 0.4500752362794462, 0.22694727412511684, 0.7133475828929183, 0.739283410379154, 0.6688534689096912], "errorNum": [5.211267605633802, 0.3962101636520241, 0.11764705882352941, 0.0, 9.879518072289157, 6.097560975609756, 8.9, 0.5943691345151199, 0.2127659574468085, 6.0], "successRateList": [0.7471973846605936, 0.7209535409932413, 0.7040413752571261, 0.6990176377098913, 0.6932664475835324, 0.6818553323613353, 0.6741691602104198, 0.6659372761767361, 0.6594358659597821, 0.6480073494399409, 0.6253518044563466, 0.5938598769554131, 0.5402509209483414, 0.4858476461606217, 0.39778468705653597, 0.29361172452301953, 0.18492613680623476, 0.10123113879178622, 0.03915014941098768, 0.0110029678025062, 0.0], "precisionList": [0.012330616256603364, 0.05264637454604313, 0.16284355522013244, 0.2915583468632664, 0.38632870430465127, 0.44949960350826174, 0.49275519689118435, 0.5241897219217054, 0.5430299327944226, 0.5658192158172486, 0.5870779321273978, 0.602868147676476, 0.6157830393256833, 0.6275876136082728, 0.6395860393130233, 0.6524105766126598, 0.6607486304350585, 0.6689227801377957, 0.6748204146412726, 0.6824166542160714, 0.6914128937908703, 0.699319765520557, 0.7067242276116896, 0.714931406032311, 0.7228289424493172, 0.7313626728331327, 0.7361087369914487, 0.7395589124079316, 0.74235772965967, 0.7457899264622582, 0.7462483243950747, 0.7471442131369079, 0.7479262345230132, 0.7498986139055035, 0.7525886897695571, 0.7534494973409279, 0.7555787656336108, 0.757270543117277, 0.7595060256157464, 0.7611116704551406, 0.7626214265527015, 0.7638034479388068, 0.766118848875762, 0.766218848875762, 0.7672212585143161, 0.7688407707094382, 0.7700505268069991, 0.7707602829045601, 0.7709602829045601, 0.7730748582792295, 0.7733609909235016], "fpsList": [7.869550202819656, 11.948428260602524, 7.4505567805528585, 7.774687570669642, 7.5383675981567935, 3.077216270591738, 8.850464479499802, 13.572374242234032, 11.208270769756998, 13.28624291839778], "fps": 9.257615909328182}