{"name": "LR", "desc": "Low Resolution - the number of pixels inside the ground-truth bounding box is less than tr (tr =400).", "tracker": "RoialMDNet_4b", "evalType": "OPE", "seqs": ["Deer", "Ironman", "MotorRolling", "Walking2"], "overlap": 68.01420352455033, "error": 1.9329385836027035, "overlapScores": [0.7395981481329152, 0.5975113169817534, 0.5947444384301913, 0.788714237437153], "errorNum": [0.0, 4.0361445783132535, 3.475609756097561, 0.21999999999999997], "successRateList": [0.9563253012048193, 0.9503012048192772, 0.9442771084337349, 0.9442771084337349, 0.9422710843373494, 0.9382590361445784, 0.9134422568322069, 0.8826013811342932, 0.8435650896267999, 0.8249009697325889, 0.8067061416397296, 0.7759296519640912, 0.7426896007251267, 0.6813225799108492, 0.5705059951244345, 0.4039481464159627, 0.24799580734480348, 0.13741835290319643, 0.0506334965419907, 0.012551541100851361, 0.0], "precisionList": [0.009051541100851362, 0.07864525087640152, 0.20191450170313685, 0.30979980381850314, 0.4017668523630765, 0.49593994114555096, 0.5448560363059934, 0.60237224404316, 0.6638879489100338, 0.7153832388985693, 0.7466900187489911, 0.7785581301502817, 0.7997893966798144, 0.8159321808015296, 0.8280538381626816, 0.8406845740916258, 0.8528613298953285, 0.8559101103831334, 0.8670348222156921, 0.8776504554804584, 0.8846929180135175, 0.8988389656185718, 0.905363062004114, 0.9114606229797237, 0.9195274757566851, 0.9240639141933589, 0.9271126946811636, 0.9301431090214516, 0.9331735233617395, 0.9336735233617396, 0.9336735233617396, 0.935697913605642, 0.935697913605642, 0.9361979136056421, 0.9361979136056421, 0.9377223038495446, 0.9397283279459301, 0.9417527181898325, 0.9422527181898326, 0.9427527181898325, 0.9442587422862181, 0.9442587422862181, 0.9442587422862181, 0.9457831325301205, 0.9457831325301205, 0.947289156626506, 0.947289156626506, 0.9487951807228916, 0.9487951807228916, 0.9503012048192772, 0.9518072289156627], "fpsList": [6.55212447425737, 6.598436762878192, 7.218868151013373, 8.871983807065963], "fps": 7.310353298803725}