{"name": "LR", "desc": "Low Resolution - the number of pixels inside the ground-truth bounding box is less than tr (tr =400).", "tracker": "MDResNet_3L", "evalType": "OPE", "seqs": ["Biker", "Box", "Car1", "Deer", "Ironman", "MotorRolling", "Panda", "RedTeam", "Surfer", "Walking2"], "overlap": 62.88460768917508, "error": 2.4431559261930342, "overlapScores": [0.6534714130559479, 0.5475811885201651, 0.7000808440609331, 0.6709042276354206, 0.5862008997501252, 0.46949587421730143, 0.6007039381181222, 0.6209421558892921, 0.6889843522123319, 0.750095875457868], "errorNum": [5.704225352112676, 4.013781223083549, 0.24509803921568626, 0.5633802816901409, 3.433734939759036, 5.365853658536586, 2.16, 1.981230448383733, 0.9042553191489362, 0.06], "successRateList": [0.9333083011592989, 0.9320054426665042, 0.9299322563040329, 0.9266834515333032, 0.9160543829050057, 0.901496094174345, 0.8858496392693744, 0.8671561464593054, 0.8506707722510637, 0.8086225124175901, 0.7539840360589437, 0.6785517460984168, 0.569783592671701, 0.4509930754515782, 0.3314301622893037, 0.22769891177524673, 0.1344805105154689, 0.055131807540534615, 0.018804473476388407, 0.006329231051376229, 0.0], "precisionList": [0.01348710562463976, 0.05452188731868639, 0.1664846272381239, 0.2892133283545569, 0.3853117560075723, 0.4659528246351018, 0.5279120124663802, 0.596291111535953, 0.636199847188786, 0.6786876607863992, 0.7083679813105852, 0.7331040621573162, 0.7522706607677205, 0.7731331313324352, 0.7900001760321487, 0.8079324452458468, 0.8180786126106485, 0.8312614596958143, 0.8404243081730302, 0.8482618335450294, 0.8558235558373166, 0.8642222500672696, 0.8691042455782954, 0.8732006045721301, 0.8766734337486254, 0.8802859042079904, 0.8887441286239802, 0.8937969418669092, 0.8983371931474455, 0.8999233947157121, 0.9044785519692475, 0.9093664463826385, 0.9118263778966824, 0.9159082312444025, 0.9187872456175594, 0.919749091806201, 0.9213992672226838, 0.9239244242571999, 0.9251365899933152, 0.9258324787351484, 0.9276617470278312, 0.9300934249590684, 0.9308754463451738, 0.9314778559837279, 0.9320876120812889, 0.9327835008231222, 0.9331355909142027, 0.9333078562027473, 0.9333078562027473, 0.9333939888470194, 0.9341843468434042], "fpsList": [2.143427520915526, 2.1656886601824135, 2.235884377439824, 1.95260652083863, 2.191385600564738, 2.1098254513255363, 2.2197819703575075, 2.0481905203288644, 2.1433601659782844, 2.171294188191435], "fps": 2.138144497612276}