{"name": "LR", "desc": "Low Resolution - the number of pixels inside the ground-truth bounding box is less than tr (tr =400).", "tracker": "RTMDNet", "evalType": "OPE", "seqs": ["Biker", "Box", "Car1", "Deer", "Ironman", "MotorRolling", "Panda", "RedTeam", "Surfer", "Walking2"], "overlap": 66.01292791371446, "error": 3.13545632193616, "overlapScores": [0.7106497210013203, 0.7275627197934258, 0.66265529867893, 0.775528005789209, 0.5680521560168166, 0.6141783628743883, 0.41773565236463284, 0.6534575800405701, 0.679354425841644, 0.7921188689705103], "errorNum": [5.211267605633802, 6.11541774332472, 0.6568627450980392, 0.0, 8.192771084337348, 2.5609756097560976, 7.39, 0.7351407716371219, 0.4521276595744681, 0.04], "successRateList": [0.8148052412729859, 0.8136004219958775, 0.8129980123573232, 0.8091094700744967, 0.8025022411588342, 0.7974883273178602, 0.7886657453600281, 0.7730853809194234, 0.7520512273353386, 0.7284532041503162, 0.6858661325122662, 0.6218546033767167, 0.5501597749493939, 0.47442481786021135, 0.3763416907012644, 0.27962459869436435, 0.16857822985752047, 0.08448854721194365, 0.03195367746716351, 0.006692592048276923, 0.0], "precisionList": [0.012960508111984034, 0.05184932820422646, 0.15274611547030573, 0.27536660204469765, 0.3967987897421001, 0.4826021550606095, 0.5358800747205422, 0.5952703081566184, 0.6408214268590362, 0.6835183052255982, 0.722660707933259, 0.7489404394349077, 0.7604481968763865, 0.7669125367604834, 0.7793793464326408, 0.7821629013999734, 0.7880050824880143, 0.7914845261971799, 0.7946292849621603, 0.7973544419966764, 0.8001379969640091, 0.8026631539985252, 0.8038826661936472, 0.8038826661936472, 0.804492422291208, 0.8053605763215856, 0.8077775613348092, 0.8096068296274922, 0.8108116489046004, 0.8108116489046004, 0.8126335707382767, 0.8126335707382767, 0.81332945948011, 0.81332945948011, 0.8134155921243821, 0.8134155921243821, 0.8134155921243821, 0.8141902670514807, 0.8141902670514807, 0.8141902670514807, 0.8147926766900347, 0.8160121888851567, 0.816614598523711, 0.817834110718833, 0.817834110718833, 0.8184365203573872, 0.8184365203573872, 0.8184365203573872, 0.8190389299959413, 0.8196486860935025, 0.8203529114456151], "fpsList": [10.087412519487701, 13.92064075735441, 15.31111643743458, 9.96906744652845, 7.379573957801508, 13.40773954035738, 15.862697120666233, 15.70550922611965, 14.314288158477728, 15.504081022284375], "fps": 13.146212618651202}