{"name": "LR", "desc": "Low Resolution - the number of pixels inside the ground-truth bounding box is less than tr (tr =400).", "tracker": "MDGaNet", "evalType": "OPE", "seqs": ["Biker", "Box", "Car1", "Deer", "Ironman", "MotorRolling", "Panda", "RedTeam", "Surfer", "Walking2"], "overlap": 67.8973834537224, "error": 2.3922841063005587, "overlapScores": [0.7926907817940421, 0.7463837594757585, 0.8014483093297541, 0.720825617555792, 0.5277451457045907, 0.5743034205164304, 0.47019264603301103, 0.6561095281493587, 0.7485188843663589, 0.7515202524471447], "errorNum": [5.211267605633802, 0.24978466838931956, 0.0, 0.0, 5.0602409638554215, 4.085365853658536, 6.24, 2.283628779979145, 0.2925531914893617, 0.5], "successRateList": [0.9307228915662652, 0.924698795180723, 0.9221873409129475, 0.9147582415077927, 0.9079453691622754, 0.8881308539688177, 0.873564381858387, 0.8555454444489923, 0.8321206326379101, 0.7965779036527918, 0.7605109011530516, 0.7242113266068207, 0.6780722919057929, 0.6131405718240026, 0.5253959585570371, 0.41044974085005465, 0.2755119762042214, 0.14900250951099278, 0.048666560765075945, 0.011576522500452638, 0.0], "precisionList": [0.0164168176056329, 0.09170754708747877, 0.24004332160594402, 0.382357950018419, 0.4776012355557149, 0.561661069638032, 0.6067252837874887, 0.6664607437485148, 0.701287863945949, 0.733303331234959, 0.7583464585342121, 0.7766124257620397, 0.7985541317440491, 0.8148812173347892, 0.8263584846950224, 0.8388439682185789, 0.8519485627358045, 0.8665540023987436, 0.8767933272534659, 0.8840117008423573, 0.8881696240458539, 0.8906920647508809, 0.8946753130272789, 0.8984308265922213, 0.9018230054038945, 0.9037242322941872, 0.9071963295443461, 0.911522878058142, 0.9122114203409684, 0.9129004814951459, 0.9155336684490065, 0.9157059337375509, 0.9159643316703674, 0.9159643316703674, 0.9166504643146398, 0.9177112718860105, 0.918685946813109, 0.919485946813109, 0.9198304773901977, 0.9218149084148572, 0.9230197276919657, 0.9253130892519007, 0.9253130892519007, 0.9255130892519008, 0.9255130892519008, 0.9265154988904548, 0.9271179085290091, 0.9277276646265701, 0.9289324839036786, 0.9296210261865049, 0.9296210261865049], "fpsList": [2.4262424218671037, 2.5146702927934945, 2.5891152357853016, 2.2098057003607, 2.7057930157667385, 2.396394233923084, 2.521655885906143, 2.5041614391261757, 2.456857057003189, 2.5081391258536825], "fps": 2.4832834408385613}