{"name": "OV", "desc": "Out-of-View - some portion of the target leaves the view.", "tracker": "MDGaNet", "evalType": "OPE", "seqs": ["Biker", "Bird1", "Box", "ClifBar", "DragonBaby", "Dudek", "Human6", "Ironman", "Liquor", "Panda", "Tiger2"], "overlap": 65.26135356526083, "error": 3.0913954610361114, "overlapScores": [0.7926907817940421, 0.3604010311175702, 0.7463837594757585, 0.5768445234362263, 0.6476328102380775, 0.8535080133088041, 0.7650676490517978, 0.5277451457045907, 0.8524151461838401, 0.47019264603301103, 0.5858673858349744], "errorNum": [5.211267605633802, 8.063725490196079, 0.24978466838931956, 3.940677966101695, 2.212389380530974, 0.0, 0.21464646464646464, 5.0602409638554215, 0.15508328546812178, 6.24, 2.6575342465753424], "successRateList": [0.9131660210946713, 0.9028250737550785, 0.8968620869173614, 0.8839310717517808, 0.8710820106337227, 0.8576463621210643, 0.8361571678071723, 0.8142623013919142, 0.779793458544264, 0.7353774532457872, 0.6906678498902256, 0.6458777981348166, 0.5807399665506363, 0.5259603979767423, 0.4616581235147258, 0.38291209406635746, 0.2940664670016766, 0.18717182616488592, 0.08779075050159998, 0.02772798968093211, 0.0], "precisionList": [0.010225184332366511, 0.04044358925321404, 0.11330854164034666, 0.19237025134817073, 0.2533667866205372, 0.31458942690913383, 0.36917092417408104, 0.430457697817514, 0.4834251396471746, 0.537854091654462, 0.5840772131751396, 0.620788963758568, 0.6600456029473216, 0.689967313713902, 0.715819757448216, 0.7369435680596734, 0.7611821044257937, 0.7807400164062375, 0.7955943435162098, 0.8084513749478539, 0.8183048665276889, 0.8283574819346426, 0.8380201471280663, 0.8450564847179775, 0.8526256847241925, 0.859180717503169, 0.8637540206596334, 0.8695589944297766, 0.873799505780357, 0.8757072904199629, 0.8798341732718888, 0.8817871044678603, 0.8843814236884, 0.8881251786785576, 0.8895551050603807, 0.8923045835910481, 0.8957900507399941, 0.8974285143446139, 0.8987740233661942, 0.9001690093110646, 0.9023928245296603, 0.9044153449083437, 0.9045741380802372, 0.9054865986597291, 0.9063119802528646, 0.9075148123275906, 0.9089953460124538, 0.9096782381805589, 0.9113248074202002, 0.912109548121936, 0.9121889447078828], "fpsList": [2.4262424218671037, 2.609905636383296, 2.5146702927934945, 2.527054359070842, 2.401395848173705, 2.4713554254359957, 2.31926022175526, 2.7057930157667385, 2.491272744833593, 2.521655885906143, 2.457529948298188], "fps": 2.495103254571305}