{"name": "LR", "desc": "Low Resolution - the number of pixels inside the ground-truth bounding box is less than tr (tr =400).", "tracker": "MDResGaNet_3L_1", "evalType": "OPE", "seqs": ["Deer", "Ironman", "MotorRolling", "Walking2"], "overlap": 64.34418986514329, "error": 2.5477519835439315, "overlapScores": [0.7233554744664069, 0.5951025516043693, 0.49615672315330434, 0.7591528453816513], "errorNum": [0.0, 4.337349397590361, 5.853658536585366, 0.0], "successRateList": [0.8879848662944461, 0.8743388186893917, 0.8697840141052013, 0.8592051131354688, 0.8485894798707023, 0.837955480458419, 0.824254334410814, 0.8029679694387305, 0.7771084337349398, 0.7604136056420806, 0.7452248016456068, 0.7239811930649427, 0.6836317416695294, 0.5709379048312798, 0.45581389039497044, 0.29660239929142884, 0.16569116107163107, 0.06983966094539615, 0.019627472445605164, 0.008551541100851361, 0.0], "precisionList": [0.008557565197236904, 0.018084716054185827, 0.05720536767475261, 0.16811915749566456, 0.25137556340097594, 0.3778144553480152, 0.4590376862999922, 0.5187279513105669, 0.5649456610364508, 0.6016547950648351, 0.646997510481638, 0.6585887535025019, 0.6716765240280944, 0.6817401133217169, 0.6953985029779026, 0.7035020880498979, 0.717203234097503, 0.7233007950731127, 0.729870702321481, 0.7404863355862474, 0.7495775786071114, 0.7602115780193947, 0.764784748751102, 0.7693395533352924, 0.7739127240669997, 0.7754187481633853, 0.7830223332353805, 0.787577137819571, 0.7936746987951807, 0.7967234792829856, 0.8058330884513665, 0.8088635027916544, 0.8134183073758449, 0.8164487217161328, 0.8194791360564208, 0.8225279165442256, 0.8270827211284161, 0.8316558918601235, 0.8347046723479283, 0.8377534528357332, 0.8392594769321188, 0.8407838671760212, 0.8407838671760212, 0.8423082574199237, 0.8423082574199237, 0.8423082574199237, 0.8453570379077285, 0.8499302086394358, 0.8514545988833383, 0.8545033793711432, 0.8545033793711432], "fpsList": [1.8556220052142505, 2.131832575280473, 2.14345861331879, 1.9462947268616677], "fps": 2.0193019801687955}