{"name": "OV", "desc": "Out-of-View - some portion of the target leaves the view.", "tracker": "MDResGaNet", "evalType": "OPE", "seqs": ["Dudek", "Ironman", "Lemming", "Liquor", "Suv", "Tiger2"], "overlap": 74.694770344267, "error": 1.1121408761646288, "overlapScores": [0.8127439372534438, 0.6166127874333683, 0.7600356596609672, 0.7814620412864386, 0.8569820311339141, 0.6538497638878885], "errorNum": [0.0, 3.6746987951807233, 0.9730538922155689, 0.700746697300402, 0.20105820105820105, 1.1232876712328768], "successRateList": [0.9614688690064837, 0.9577086691857836, 0.9549078061931618, 0.9540462323850055, 0.9516552785639777, 0.9462473201821747, 0.9422563753372536, 0.9321296634565073, 0.9228333107771963, 0.902509002576123, 0.8887859123835372, 0.8606671212535041, 0.8262048329735164, 0.7788248919470503, 0.7057378889330131, 0.6038617444489986, 0.42673018413831704, 0.2619610844069579, 0.12028471971264143, 0.02674698182531361, 0.0], "precisionList": [0.006233534159106556, 0.047959844098308356, 0.14246315279080027, 0.24449828976376622, 0.3319650984626967, 0.4165554796603124, 0.48318061826545944, 0.5445473984613725, 0.5998506011502486, 0.6399200811382216, 0.6810564038676729, 0.7204341112793595, 0.7575034994253117, 0.7918075427039165, 0.8128591877512253, 0.8314647217572498, 0.8461958260885373, 0.8595395598115649, 0.8742017501717382, 0.884288560940857, 0.8931188257476239, 0.9007616599498792, 0.9066358040484142, 0.9115871641786324, 0.9155630150203304, 0.9193885129477594, 0.9238403577818327, 0.9267546657076636, 0.9304728586559868, 0.9322687838909808, 0.9344747234264491, 0.9355260768501519, 0.9359670386944128, 0.9385356018989741, 0.9392127038256707, 0.940375446832807, 0.9408454287529416, 0.9416472811786402, 0.9427653449495978, 0.9431395964466037, 0.9436095783667383, 0.9442420010572562, 0.9454848153272158, 0.9481165999507399, 0.9485865818708743, 0.9499007972081492, 0.952848793176932, 0.9537220466699462, 0.9543167790890826, 0.955036262007221, 0.955601974350484], "fpsList": [1.9533314508731572, 2.1416751557972944, 1.9502396345156234, 1.9752650090606032, 2.0290413077831926, 1.9449894115649327], "fps": 1.9990903282658004}