{"name": "OV", "desc": "Out-of-View - some portion of the target leaves the view.", "tracker": "RoialMDNet_4b", "evalType": "OPE", "seqs": ["Biker", "Bird1", "Box", "ClifBar", "DragonBaby", "Dudek", "Human6", "Ironman", "Liquor", "Panda", "Tiger2"], "overlap": 51.079484271511596, "error": 5.974440938181095, "overlapScores": [0.7771908203035328, 0.3130706714290042, 0.7306697464771056, 0.3811879593310185, 0.6320397824916665, 0.7977372900355995, 0.2890030625975255, 0.5975113169817534, 0.3092000726516351, 0.2995842131760833, 0.49154833439135165], "errorNum": [5.070422535211268, 9.656862745098039, 6.0378983634797585, 7.627118644067796, 3.36283185840708, 0.48034934497816595, 7.891414141414142, 4.0361445783132535, 7.754164273406089, 8.24, 5.561643835616438], "successRateList": [0.7638573100349341, 0.7453102623934975, 0.7278959337760569, 0.6380981243155277, 0.5846819795705909, 0.5515653134680959, 0.5172522868308145, 0.48250181030099026, 0.4492413597007261, 0.42483312173167787, 0.4023633021757273, 0.37332055770544703, 0.3453173870075931, 0.30633192625147737, 0.25223323855348767, 0.19834471929248104, 0.13466950633634014, 0.07350575006536715, 0.02977962775095947, 0.0075040350951372965, 0.0], "precisionList": [0.009085626942748913, 0.031146609990605634, 0.07214483157503472, 0.11698236263772431, 0.1566948142986556, 0.1955302076794281, 0.2308948052837983, 0.2728202029869347, 0.30052093414688613, 0.3416284979441302, 0.372965488901519, 0.3978008151768101, 0.4225282842262874, 0.4479951434073749, 0.467607056098716, 0.48164963688087, 0.4974264642401663, 0.518099962914766, 0.5407082856642964, 0.5628895469944267, 0.5807286885645347, 0.5977736651083689, 0.6125422615627223, 0.6223207720740782, 0.6314678473541367, 0.6411183415799364, 0.6503479793827727, 0.6571259391134234, 0.6653757117306034, 0.6723215792393195, 0.6804109474315789, 0.6873520198274053, 0.6958605034013373, 0.7035981088767314, 0.7101457056109717, 0.7153631678412422, 0.7202334428747295, 0.7256385659999073, 0.7333354689649497, 0.7384407248360493, 0.7437424808675754, 0.7484381089367349, 0.7525726636675558, 0.7575987751652339, 0.7613259642339426, 0.7639955492192758, 0.7654556812240302, 0.7676357963877035, 0.7690754291767281, 0.7706621257208309, 0.7715904500296606], "fpsList": [6.749616115557136, 5.855684385572034, 8.221273807437143, 8.976645734567056, 6.406944491325638, 8.8646379426672, 7.757814445776595, 6.598436762878192, 8.403718755172678, 8.99749360309877, 8.390817612622712], "fps": 7.747553059697743}