{"name": "OV", "desc": "Out-of-View - some portion of the target leaves the view.", "tracker": "RoialMDNet_4b", "evalType": "OPE", "seqs": ["Dudek", "Ironman", "Lemming", "Liquor", "Suv", "Tiger2"], "overlap": 59.890298574683065, "error": 4.1379751029471485, "overlapScores": [0.7977372900355995, 0.5975113169817534, 0.6734628628315545, 0.3092000726516351, 0.7239580375890899, 0.49154833439135165], "errorNum": [0.48034934497816595, 4.0361445783132535, 2.529940119760479, 7.754164273406089, 4.465608465608465, 5.561643835616438], "successRateList": [0.9064897812304441, 0.8997829323182431, 0.8895560888613646, 0.8284333835418444, 0.7717571217268561, 0.7372949443062417, 0.7053976836181889, 0.6694209118306166, 0.636127725173138, 0.6090489282357511, 0.5862024897052852, 0.5583145185193281, 0.5293591579088041, 0.49538425555757426, 0.448307154777638, 0.38089704050100615, 0.2769058849450095, 0.1584329445187887, 0.06679762616884061, 0.01480729423063242, 0.0], "precisionList": [0.003684998794767393, 0.027598210510813143, 0.06683681350061633, 0.12286729435784699, 0.18154874636883253, 0.24562531263469511, 0.2918016207098773, 0.34454918536105605, 0.37911653626142683, 0.4188897416310046, 0.44138857894066974, 0.46414665568334557, 0.4864836734384082, 0.5099728057962556, 0.5314821325998821, 0.5455590434080189, 0.5640861284502124, 0.5906278360154845, 0.6197379210054582, 0.6454550550242879, 0.6662072097144431, 0.6826863205964121, 0.6983914297829917, 0.7095752377602836, 0.7234836567140411, 0.7361729377601834, 0.7515936438007538, 0.7606111475646481, 0.7709006393179595, 0.7796645700147836, 0.7907885657212729, 0.7994184068526157, 0.8086796064577927, 0.817162362936681, 0.8240660450660912, 0.8305644656897523, 0.8359442485826447, 0.8430326019529812, 0.8512621757622828, 0.8549420688129362, 0.8611934206258914, 0.8639207500950151, 0.8661015991003627, 0.8702986066106413, 0.8727566503584772, 0.8757153186006077, 0.878149794166938, 0.8811898067313454, 0.8833822302926705, 0.8855913703555057, 0.8885709017781389], "fpsList": [8.8646379426672, 6.598436762878192, 8.390707548467095, 8.403718755172678, 8.473245011789958, 8.390817612622712], "fps": 8.186927272266304}