{"name": "LR", "desc": "Low Resolution - the number of pixels inside the ground-truth bounding box is less than tr (tr =400).", "tracker": "MDNet", "evalType": "OPE", "seqs": ["Deer", "Ironman", "MotorRolling", "Walking2"], "overlap": 56.67904888085232, "error": 4.87506464883926, "overlapScores": [0.7332120124531574, 0.2213104146276203, 0.5957121987501927, 0.7169273294031226], "errorNum": [0.0, 9.698795180722891, 3.8414634146341466, 5.96], "successRateList": [0.7003072289156627, 0.6737168674698795, 0.6566626506024097, 0.649144578313253, 0.6406204819277108, 0.6310903614457832, 0.5920600940346753, 0.583986923302968, 0.5749017043784895, 0.5428895092565383, 0.512493535116074, 0.5074203643843668, 0.4796347112945082, 0.4347494484982183, 0.3535976106418115, 0.2642652506280705, 0.16432553918870257, 0.09335455459764169, 0.026581955441139345, 0.01155154110085136, 0.0], "precisionList": [0.009551541100851362, 0.03661818486588056, 0.09628464734927342, 0.15507837326633914, 0.2190026261004168, 0.2708602351694652, 0.30815446395682355, 0.3767429215315401, 0.4111168480172839, 0.43742413073799835, 0.46426509128233995, 0.4840821644530716, 0.5063776079929474, 0.5261579488686453, 0.549005436379665, 0.565755362915075, 0.5840296796943872, 0.5916516309138995, 0.5967248016456068, 0.6012979723773142, 0.6058527769615046, 0.6104259476932119, 0.6134747281810168, 0.6134747281810168, 0.6154807522774023, 0.6200171907140758, 0.6205171907140759, 0.623529238906847, 0.6250352630032325, 0.6250352630032325, 0.6265412870996181, 0.6280473111960035, 0.630053335292389, 0.630053335292389, 0.6345593593887746, 0.6380653834851601, 0.6390653834851601, 0.6446018219218337, 0.6461018219218337, 0.6501138701146048, 0.6506138701146047, 0.6506138701146047, 0.6506138701146047, 0.6521198942109903, 0.6596439905965326, 0.664680429033206, 0.6686924772259771, 0.6706985013223628, 0.6722045254187482, 0.6742105495151337, 0.6752105495151337], "fpsList": [2.247655367462119, 2.4525548218662294, 1.8980690205320143, 2.4616307154812325], "fps": 2.264977481335399}