{"name": "LR", "desc": "Low Resolution - the number of pixels inside the ground-truth bounding box is less than tr (tr =400).", "tracker": "MDNet", "evalType": "OPE", "seqs": ["Biker", "Box", "Car1", "Deer", "Ironman", "MotorRolling", "Panda", "RedTeam", "Surfer", "Walking2"], "overlap": 65.04234228609508, "error": 3.3316624014786376, "overlapScores": [0.7881643188364561, 0.7376717549899592, 0.7963806203418871, 0.7332120124531574, 0.2213104146276203, 0.5957121987501927, 0.5084763687221313, 0.6503714076307896, 0.7560078028541916, 0.7169273294031226], "errorNum": [5.140845070422535, 0.24117140396210163, 0.0, 0.0, 9.698795180722891, 3.8414634146341466, 5.67, 2.7111574556830034, 0.05319148936170213, 5.96], "successRateList": [0.830122891566265, 0.8180782962837265, 0.8112566095367384, 0.8078929676909403, 0.8032183656330737, 0.7978849410065175, 0.7783696002507742, 0.7677370981667908, 0.7496613972131181, 0.7084687055413686, 0.6665816222087576, 0.6375730983582512, 0.5955192544689446, 0.5529607596120228, 0.477011182641976, 0.3754246690530753, 0.24397546983129445, 0.1286459406099934, 0.03830131267742111, 0.009861663364675302, 0.0], "precisionList": [0.018829692010439086, 0.09640878479352305, 0.22874614580497207, 0.34781425928819826, 0.4255351452906204, 0.49056238905510624, 0.5310947642325617, 0.5857287177174779, 0.6223349224379175, 0.6561013380093892, 0.6842359641093758, 0.704304719816725, 0.719938836624409, 0.7320794828799422, 0.7440717939911546, 0.75488933566475, 0.7687867454083441, 0.7773480151295684, 0.7827364565488664, 0.7860299797941763, 0.7887132280705743, 0.7911454248731624, 0.7929678655781897, 0.7935707940880949, 0.7950622648808267, 0.7972213708325848, 0.7987133604966674, 0.8003488429951368, 0.8013819158550518, 0.8016403137878683, 0.8025872540035113, 0.8034480615748821, 0.8047672670790694, 0.8048533997233417, 0.8067419420061679, 0.8082304842889944, 0.8086304842889944, 0.8110173249522081, 0.8117895902407526, 0.813480542162133, 0.813680542162133, 0.8137666748064053, 0.8137666748064053, 0.8143690844449596, 0.8173787229991764, 0.8193932983738458, 0.8209981176509542, 0.822504752641621, 0.8231071622801753, 0.8239095719187295, 0.8243095719187294], "fpsList": [1.6764982568607036, 2.3783409848724704, 2.3682974602501714, 2.247655367462119, 2.4525548218662294, 1.8980690205320143, 2.121379812130787, 2.188331476237154, 2.47890601512443, 2.4616307154812325], "fps": 2.227166393081731}