{"name": "LR", "desc": "Low Resolution - the number of pixels inside the ground-truth bounding box is less than tr (tr =400).", "tracker": "RoialMDNet_4", "evalType": "OPE", "seqs": ["Deer", "Ironman", "MotorRolling", "Walking2"], "overlap": 54.88122743276116, "error": 4.339697325888921, "overlapScores": [0.7153846742003293, 0.19121794845197262, 0.5951941881495865, 0.6934522865085577], "errorNum": [0.0, 9.819277108433734, 3.7195121951219514, 3.8200000000000003], "successRateList": [0.7079615045548047, 0.6828708492506612, 0.670346752865119, 0.6648407287687335, 0.6548106082868057, 0.6513045841904203, 0.6477558037026153, 0.6391338524831032, 0.6335606817513958, 0.6091888039964737, 0.5660302674111078, 0.5239758187680299, 0.48662301904284955, 0.42511906851038644, 0.32442497713285295, 0.2378332560747973, 0.15274153501674165, 0.09033995480375642, 0.0331242089622661, 0.0115759313447538, 0.0], "precisionList": [0.009551541100851362, 0.04562471183255868, 0.13034648177043454, 0.1950773302761027, 0.2520634175313414, 0.31756084109712635, 0.3518827236117262, 0.39682003037916, 0.4286175226498574, 0.47499952196280826, 0.5043279314440862, 0.5326042969542202, 0.5457441114509567, 0.5568871894310322, 0.562984750406642, 0.5715790478989128, 0.5746278283867177, 0.5776766088745225, 0.5837741698501322, 0.5928837790185131, 0.6020301204819277, 0.6020301204819277, 0.6065849250661182, 0.610133705553923, 0.6131824860417279, 0.6147068762856304, 0.6177556567734352, 0.6223288275051425, 0.6258776079929474, 0.6258776079929474, 0.627383632089333, 0.6293896561857184, 0.6324200705260065, 0.6329200705260065, 0.6389932412577137, 0.6435480458419042, 0.6435480458419042, 0.6450480458419042, 0.6470724360858067, 0.6480724360858067, 0.6485724360858067, 0.6490724360858067, 0.6515784601821921, 0.6515784601821921, 0.6520784601821922, 0.6536028504260947, 0.6586148986188658, 0.6606209227152512, 0.6636513370555392, 0.6682061416397297, 0.6782606523655598], "fpsList": [7.743887887227765, 5.898312374247092, 7.007141506666232, 8.982306558354326], "fps": 7.407912081623854}