{"name": "OV", "desc": "Out-of-View - some portion of the target leaves the view.", "tracker": "RoialMDNet_4", "evalType": "OPE", "seqs": ["Dudek", "Ironman", "Lemming", "Liquor", "Suv", "Tiger2"], "overlap": 64.59713250310445, "error": 3.4082969409674715, "overlapScores": [0.8355971827501245, 0.19121794845197262, 0.7660831384633846, 0.8106132883994982, 0.7883051331143608, 0.48401125900692593], "errorNum": [0.034934497816593885, 9.819277108433734, 0.6287425149700598, 0.4250430786904078, 3.788359788359789, 5.7534246575342465], "successRateList": [0.8045997663322352, 0.791569052554851, 0.7857660689688936, 0.784122127949184, 0.7765700962375001, 0.7651247900951405, 0.7483069784135533, 0.7290528562913416, 0.7045217585005498, 0.6783045742594921, 0.6591703059032528, 0.636031438560061, 0.6115263367669315, 0.582721727652547, 0.5429177617744702, 0.4923112797255902, 0.4197349649374224, 0.2705837626543152, 0.11100713471491615, 0.025964216134394775, 0.0], "precisionList": [0.004096322134137294, 0.026527896068991395, 0.07858008253150638, 0.1512646718277015, 0.21652072143731424, 0.2830284856374385, 0.33068070227379814, 0.37788353715308887, 0.4204123906852195, 0.45990056573794047, 0.5005115927325391, 0.5368037437383187, 0.563877500933004, 0.5886176456686939, 0.6053346134650174, 0.6188149549841674, 0.632563156424118, 0.6394357323869488, 0.6467519252653487, 0.657335791633101, 0.6674453078447553, 0.6726853606483115, 0.6809107021287867, 0.6879595902477244, 0.6966595117747758, 0.7040424596916139, 0.7150991927193103, 0.7230635121397165, 0.7294166777157266, 0.735678042414361, 0.743395251675119, 0.7482029469317366, 0.7541084612078266, 0.7591347099186616, 0.7619276835911063, 0.765705596506896, 0.7689959408743329, 0.7707509220386429, 0.7740771703178703, 0.7763295221771727, 0.7789587287478446, 0.7801223418816893, 0.7811263579459462, 0.7812719183535153, 0.7819372906656596, 0.7830112403575203, 0.7854351438001747, 0.787083014365637, 0.7885545180880659, 0.7897349009953564, 0.79485071173977], "fpsList": [9.466792041142012, 5.898312374247092, 9.933573874702976, 9.174581611804388, 8.69906668020405, 9.041333043594143], "fps": 8.702276604282444}