{"name": "LR", "desc": "Low Resolution - the number of pixels inside the ground-truth bounding box is less than tr (tr =400).", "tracker": "RoialMDNet_4", "evalType": "OPE", "seqs": ["Biker", "Box", "Car1", "Deer", "Ironman", "MotorRolling", "Panda", "RedTeam", "Surfer", "Walking2"], "overlap": 61.95440026822643, "error": 3.801890976246009, "overlapScores": [0.7276343146789093, 0.7790201264837191, 0.7082159953082707, 0.7153846742003293, 0.19121794845197262, 0.5951941881495865, 0.3495839231230243, 0.6987524217678501, 0.7369841481504233, 0.6934522865085577], "errorNum": [5.140845070422535, 6.046511627906977, 0.18627450980392157, 0.0, 9.819277108433734, 3.7195121951219514, 7.91, 1.110531803962461, 0.26595744680851063, 3.8200000000000003], "successRateList": [0.773150148764213, 0.7596277539982834, 0.7503181154440666, 0.7426253478091275, 0.7317271669720842, 0.7147864870458792, 0.6999455984169722, 0.6858839920688962, 0.6735522495329052, 0.6527570078298136, 0.6196607255163343, 0.5752544702396818, 0.5314534842560656, 0.46957597015339686, 0.37067164543939335, 0.2720012548901551, 0.17754970462088973, 0.10045329169892436, 0.035945011420625124, 0.009452425340871836, 0.0], "precisionList": [0.013891682911283043, 0.056400890663527714, 0.16715503581079413, 0.3046433503131782, 0.4051600765844194, 0.4886090807626465, 0.5264117255265851, 0.5643554618160261, 0.5946159271472957, 0.6345736522813996, 0.6637125199643342, 0.6907633157697952, 0.7031229709287259, 0.712240368629495, 0.7167482789764527, 0.7218750591275382, 0.7231807039669323, 0.7244863488063265, 0.7271837711293869, 0.7308276147967393, 0.7344861513821052, 0.7346584166706496, 0.7364803385043258, 0.7378998506994476, 0.7391193628945696, 0.7397291189921307, 0.7409486311872525, 0.7427778994799354, 0.7441974116750574, 0.7441974116750574, 0.7447998213136117, 0.7456022309521659, 0.7468143966882811, 0.7470143966882811, 0.7501478903330766, 0.7519698121667528, 0.7519698121667528, 0.7525698121667528, 0.7533795682643138, 0.753865700908586, 0.7540657009085859, 0.754265700908586, 0.7552681105471402, 0.7552681105471402, 0.7554681105471401, 0.7560778666447012, 0.7580826859218097, 0.7588850955603639, 0.760097261296479, 0.7626234084822678, 0.7687578888289379], "fpsList": [7.270716762550361, 8.51269197510505, 9.585265233173656, 7.743887887227765, 5.898312374247092, 7.007141506666232, 9.857249661790291, 10.095383735418883, 9.207268239586705, 8.982306558354326], "fps": 8.416022393412035}