{"name": "OV", "desc": "Out-of-View - some portion of the target leaves the view.", "tracker": "MDResNet_3L", "evalType": "OPE", "seqs": ["Biker", "Bird1", "Box", "ClifBar", "DragonBaby", "Dudek", "Human6", "Ironman", "Liquor", "Panda", "Tiger2"], "overlap": 62.39892043851343, "error": 3.4588767932070157, "overlapScores": [0.6534714130559479, 0.5565103239285711, 0.5475811885201651, 0.5017459342292669, 0.6864840070339762, 0.8092545736520468, 0.5451208094309149, 0.5862008997501252, 0.8305843666789117, 0.6007039381181222, 0.5462237938384288], "errorNum": [5.704225352112676, 7.769607843137255, 4.013781223083549, 5.508474576271186, 0.8849557522123894, 0.0, 3.8636363636363633, 3.433734939759036, 0.051694428489373924, 2.16, 4.657534246575342], "successRateList": [0.8798727308603683, 0.8766118899571232, 0.8738570611381075, 0.87164677283595, 0.8677430280756397, 0.8613408871410274, 0.8472173889865767, 0.8181784694092259, 0.7856202526180541, 0.7313626983580446, 0.653906627382696, 0.5720625600907169, 0.4952536016092894, 0.41082268619370416, 0.3446580416257405, 0.26261010897430065, 0.18163898451993657, 0.10457663157840398, 0.03489434712815782, 0.005746477359881527, 0.0], "precisionList": [0.009943652119289074, 0.0267357949915823, 0.07756765451741415, 0.13605056539522647, 0.1993111015671924, 0.27116437341185917, 0.3301320976160708, 0.40318742556749265, 0.462484795878949, 0.514205034288667, 0.5616391268131683, 0.5929944677947957, 0.6270704366953667, 0.6516491754485753, 0.6744181844293278, 0.6944306817144169, 0.7116955571555992, 0.7267344215842417, 0.7406761953108691, 0.7544672230854544, 0.7641511202676434, 0.77664505676123, 0.7873090249864467, 0.7951064340069269, 0.8009775466034054, 0.8110746696185384, 0.8166808818040322, 0.8204787808238968, 0.8259319788185149, 0.8300291613688079, 0.8342229022823111, 0.8396014940333901, 0.8464131634226569, 0.8518857170876163, 0.8553795445084884, 0.8576972395938571, 0.8608363532623298, 0.8621967795199441, 0.8646589623014115, 0.8665370181551109, 0.8677955695797898, 0.8694347653303001, 0.87127633938219, 0.8734642223473941, 0.8745689943841715, 0.8759058482127341, 0.876807137647575, 0.8774618744603241, 0.8786547052663699, 0.8792048900720314, 0.8801682179420692], "fpsList": [2.143427520915526, 2.309779517773964, 2.1656886601824135, 2.205483624420334, 2.238682730729144, 2.1909900346602837, 2.160529777038609, 2.191385600564738, 1.4555371221802453, 2.2197819703575075, 2.1750619101677175], "fps": 2.132395315362771}