{"name": "OV", "desc": "Out-of-View - some portion of the target leaves the view.", "tracker": "MDNet", "evalType": "OPE", "seqs": ["Dudek", "Ironman", "Lemming", "Liquor", "Suv", "Tiger2"], "overlap": 75.63192604322205, "error": 1.125264700166965, "overlapScores": [0.86145941842948, 0.6220386659204502, 0.7803351067154929, 0.8465634925030788, 0.81831858667545, 0.6092002923493708], "errorNum": [0.0, 3.855421686746988, 0.14970059880239522, 0.022975301550832855, 0.14814814814814814, 2.5753424657534247], "successRateList": [0.9578313253012049, 0.9538152610441767, 0.9508032128514056, 0.9497991967871485, 0.9487951807228915, 0.9476954342355061, 0.9447741600978595, 0.9391131599328159, 0.9270800812321544, 0.9108909736563491, 0.8874735299833034, 0.8599714282054524, 0.827685142047114, 0.772104436973211, 0.7064956124058358, 0.6140405939557111, 0.4669277643974445, 0.3163179103717988, 0.15560313905588355, 0.04277084031757456, 0.0], "precisionList": [0.005723403907046668, 0.046034390885154465, 0.1410535689840324, 0.24337942233769017, 0.34594523904408053, 0.44991403420032783, 0.520726979386183, 0.5916374535213378, 0.6429551535232199, 0.6814469754371132, 0.7139824051491743, 0.7365493290671784, 0.7616902064907262, 0.7922774386054446, 0.8163162324162849, 0.8273757338542768, 0.8407229612628287, 0.8512761810109235, 0.862065243259566, 0.8714771469231178, 0.8813931123742887, 0.8880342375597533, 0.897870162267055, 0.9027894109684106, 0.9106719260383382, 0.9156426804943569, 0.9222534144903873, 0.9255173952682498, 0.928473515976482, 0.9313588024114484, 0.9334764072448517, 0.9351373910736885, 0.9371402419349867, 0.9381492143672476, 0.9404323193900787, 0.9427413850697389, 0.9452060382028192, 0.9454971590179574, 0.9463904612452311, 0.9474492636619325, 0.9485988401337587, 0.9513346743001185, 0.9522738769660798, 0.9534284098059099, 0.9535739702134792, 0.9535739702134792, 0.9537195306210483, 0.9537195306210483, 0.9537195306210483, 0.9537195306210483, 0.9537195306210483], "fpsList": [2.8778405434519114, 2.779056158032441, 2.7655726181948213, 2.8133064126611655, 2.8050453073244195, 2.7593013976365053], "fps": 2.8000204062168774}