{"name": "LR", "desc": "Low Resolution - the number of pixels inside the ground-truth bounding box is less than tr (tr =400).", "tracker": "RTMDNet", "evalType": "OPE", "seqs": ["Biker", "Box", "Car1", "Deer", "Ironman", "MotorRolling", "Panda", "RedTeam", "Surfer", "Walking2"], "overlap": 63.9821574978791, "error": 3.3395550905777176, "overlapScores": [0.7415586427573592, 0.6927340108109604, 0.7460559574434262, 0.7766724680725274, 0.4840727638873442, 0.6186932615506444, 0.30951353785503194, 0.5780659309064164, 0.6730651004957101, 0.7777840760084896], "errorNum": [5.211267605633802, 6.1757105943152455, 0.0, 0.0, 6.2048192771084345, 2.804878048780488, 8.29, 3.5714285714285716, 0.9574468085106382, 0.18], "successRateList": [0.8594853702395564, 0.8539618677790098, 0.8508498195862387, 0.8388305424778052, 0.8119184942850339, 0.7816317711651644, 0.7638245422495016, 0.756297188566859, 0.7404668517612493, 0.7122288891330983, 0.6653614323483915, 0.6271850695472295, 0.580925127673724, 0.5138392906320192, 0.4215664627572693, 0.2913647079987439, 0.17040575185501888, 0.08026789258755546, 0.029223466333645965, 0.007272060750337134, 0.0], "precisionList": [0.011507924220840994, 0.06132340561189331, 0.1759638288632736, 0.3261813832333543, 0.41457312110825467, 0.4867052229215096, 0.5389162517411501, 0.5868371213961294, 0.6289074318848783, 0.6790476669600918, 0.7238126261681763, 0.7603551955820749, 0.7779589169927291, 0.7927555462483118, 0.8015710968701155, 0.8091694554000093, 0.8142887995567459, 0.8172723545240785, 0.8197975115585946, 0.8247396536063343, 0.8272574641818435, 0.8305062446696485, 0.8325281665033246, 0.8349598444345618, 0.8373841759067921, 0.841823082753692, 0.844262107143936, 0.8444621071439359, 0.8477749808989927, 0.8477749808989927, 0.8477749808989927, 0.8484635231818191, 0.8490659328203733, 0.8502707520974818, 0.8502707520974818, 0.8532974932082663, 0.8545023124853748, 0.8545023124853748, 0.8557071317624831, 0.8563956740453097, 0.8570842163281359, 0.8570842163281359, 0.8576866259666902, 0.8588914452437987, 0.8606986741594612, 0.8613010837980155, 0.8613010837980155, 0.8619034934365697, 0.862505903075124, 0.8643131319907866, 0.8662221766200077], "fpsList": [10.56010874307346, 10.485411502311502, 15.590202498148619, 10.132051853602677, 9.249574804588127, 11.458864980650066, 15.106487325920257, 14.788915736272248, 14.007633798245232, 13.322391680177983], "fps": 12.470164292299017}