{"name": "LR", "desc": "Low Resolution - the number of pixels inside the ground-truth bounding box is less than tr (tr =400).", "tracker": "RTMDNet", "evalType": "OPE", "seqs": ["Deer", "Ironman", "MotorRolling", "Walking2"], "overlap": 68.7469348412731, "error": 2.698436673523361, "overlapScores": [0.775528005789209, 0.5680521560168166, 0.6141783628743883, 0.7921188689705103], "errorNum": [0.0, 8.192771084337348, 2.5609756097560976, 0.04], "successRateList": [0.8147590361445783, 0.8117469879518072, 0.8102409638554217, 0.8087349397590362, 0.8042168674698795, 0.7981927710843373, 0.796168380840435, 0.7915952101087276, 0.7839732588892154, 0.7758696738172202, 0.7301563326476639, 0.6834797237731414, 0.6587270366246849, 0.6107000326969162, 0.520589527467479, 0.41839074884215666, 0.2661340739115859, 0.12497671482908618, 0.05013625715503718, 0.009051541100851362, 0.0], "precisionList": [0.013051541100851362, 0.06105154110085136, 0.1621332026836304, 0.24885141527980698, 0.3192119939738342, 0.375517768083671, 0.4208453808362961, 0.48439760898627143, 0.5253783840273496, 0.5693189542781225, 0.6213631096008907, 0.6637978647672104, 0.6840872842107006, 0.695230362190776, 0.7220529565876008, 0.7281505175632106, 0.7408179857871886, 0.7484399370067008, 0.755009844255069, 0.7616074052306788, 0.7677049662062886, 0.7738025271818983, 0.7768513076697032, 0.7768513076697032, 0.7783756979136056, 0.7799000881575081, 0.7859425506905672, 0.7905157214222744, 0.7935277696150456, 0.7935277696150456, 0.7980825741992359, 0.7980825741992359, 0.7996069644431384, 0.7996069644431384, 0.7996069644431384, 0.7996069644431384, 0.7996069644431384, 0.801112988539524, 0.801112988539524, 0.801112988539524, 0.8026190126359094, 0.8056677931237144, 0.8071738172201, 0.8102225977079047, 0.8102225977079047, 0.8117286218042903, 0.8117286218042903, 0.8117286218042903, 0.8132346459006758, 0.8147590361445783, 0.8147590361445783], "fpsList": [9.96906744652845, 7.379573957801508, 13.40773954035738, 15.504081022284375], "fps": 11.56511549174293}