{"name": "LR", "desc": "Low Resolution - the number of pixels inside the ground-truth bounding box is less than tr (tr =400).", "tracker": "RoialMDNet_4b", "evalType": "OPE", "seqs": ["Biker", "Box", "Car1", "Deer", "Ironman", "MotorRolling", "Panda", "RedTeam", "Surfer", "Walking2"], "overlap": 66.88431950453084, "error": 2.778880394900193, "overlapScores": [0.7771908203035328, 0.7306697464771056, 0.7294644351711935, 0.7395981481329152, 0.5975113169817534, 0.5947444384301913, 0.2995842131760833, 0.7295456223849848, 0.7014089719581696, 0.788714237437153], "errorNum": [5.070422535211268, 6.0378983634797585, 0.08823529411764705, 0.0, 4.0361445783132535, 3.475609756097561, 8.24, 0.3545359749739312, 0.26595744680851063, 0.21999999999999997], "successRateList": [0.86645113684713, 0.8511414982929132, 0.8406318597386964, 0.8244318597386965, 0.8188314108844559, 0.8137744539639691, 0.797036877163063, 0.7764356133148923, 0.7515082708516239, 0.737672230419509, 0.7217991346497097, 0.6921768893571606, 0.6448275780318641, 0.5794227632485804, 0.48116765593869315, 0.34383324282590905, 0.2088874259141881, 0.10638099676834127, 0.03816383842928589, 0.009268562493415691, 0.0], "precisionList": [0.012818545384889251, 0.07393658842740061, 0.20945923876218941, 0.3579712669313368, 0.468170086783561, 0.5446369087215761, 0.5919495288607297, 0.6368962775945028, 0.6801270608730506, 0.7183636640416182, 0.7451429706269022, 0.7686518916585456, 0.7858170135873086, 0.8000669177504081, 0.8093769071375906, 0.8164717713019434, 0.8234592694890575, 0.8283094449055403, 0.8358177275713803, 0.8436639808772869, 0.8470809658905105, 0.8531235567924906, 0.8565235533430924, 0.8591348430218806, 0.8623615841326652, 0.8641761595073347, 0.8653956717024567, 0.8666078374385717, 0.867820003174687, 0.868020003174687, 0.868020003174687, 0.8688297592722479, 0.8688297592722479, 0.869029759272248, 0.869029759272248, 0.8696395153698088, 0.8704419250083631, 0.8712516811059242, 0.8714516811059241, 0.8716516811059242, 0.8722540907444785, 0.8722540907444785, 0.8722540907444785, 0.8728638468420392, 0.8728638468420392, 0.8734662564805935, 0.8734662564805935, 0.8740686661191479, 0.8740686661191479, 0.874671075757702, 0.8752734853962562], "fpsList": [6.749616115557136, 8.221273807437143, 9.222494963799436, 6.55212447425737, 6.598436762878192, 7.218868151013373, 8.99749360309877, 9.075269859479919, 8.613901853870367, 8.871983807065963], "fps": 8.012146339845767}