{"name": "LR", "desc": "Low Resolution - the number of pixels inside the ground-truth bounding box is less than tr (tr =400).", "tracker": "RoialMDNet", "evalType": "OPE", "seqs": ["Deer", "Ironman", "MotorRolling", "Walking2"], "overlap": 68.8873623776028, "error": 2.598390815063759, "overlapScores": [0.7265726353199223, 0.5873948907342346, 0.6438422378305731, 0.7976847312193819], "errorNum": [0.14084507042253522, 4.27710843373494, 5.975609756097561, 0.0], "successRateList": [0.8268255950631795, 0.8162650602409638, 0.8086798413164855, 0.8041434028798119, 0.8026373787834264, 0.7950888921539818, 0.7845283573317661, 0.7769798707023216, 0.7649316779312372, 0.7538069660986785, 0.7401609184936241, 0.7275208949849552, 0.6947722680484908, 0.6298693116678324, 0.5288187618215907, 0.3684123577787619, 0.2334043553120072, 0.11742814335321361, 0.03966667149532517, 0.011075931344753799, 0.0], "precisionList": [0.013563589293622445, 0.06712412411583814, 0.17073620003890522, 0.26446637598142486, 0.33574859589508843, 0.40008787813569635, 0.44184855326493194, 0.49225812145869635, 0.5260404262187879, 0.5824860148253612, 0.6263712776216512, 0.6419894624875317, 0.6812831884045975, 0.7003948463037999, 0.7155130311696805, 0.7372011232839293, 0.745258688481166, 0.7563650341662079, 0.7613921850231569, 0.7628982091195424, 0.7628982091195424, 0.767416281408699, 0.7689223055050846, 0.7734403777942412, 0.7734403777942412, 0.7734403777942412, 0.7794644741797834, 0.7824765223725545, 0.7854885705653255, 0.7885006187580966, 0.7885006187580966, 0.79202174551866, 0.7950337937114311, 0.7980458419042021, 0.7980458419042021, 0.7995518660005877, 0.7995518660005877, 0.8026006464883926, 0.8026006464883926, 0.8026006464883926, 0.8026006464883926, 0.8041066705847781, 0.8056126946811637, 0.8071370849250661, 0.8086431090214516, 0.8086431090214516, 0.8086431090214516, 0.8086431090214516, 0.8086431090214516, 0.8086431090214516, 0.8116551572142228], "fpsList": [6.975343971772908, 7.038032962811535, 6.620284034580752, 9.851109093891326], "fps": 7.621192515764131}