{"name": "LR", "desc": "Low Resolution - the number of pixels inside the ground-truth bounding box is less than tr (tr =400).", "tracker": "RoialMDNet_5", "evalType": "OPE", "seqs": ["Biker", "Box", "Car1", "Deer", "Ironman", "MotorRolling", "Panda", "RedTeam", "Surfer", "Walking2"], "overlap": 63.505155623733124, "error": 4.025196924381204, "overlapScores": [0.7591872530581918, 0.8089693899077494, 0.7317556853671514, 0.7639137984546588, 0.19032297590568262, 0.5558740867952615, 0.4356160923103869, 0.6762228675502391, 0.7422931111940586, 0.6863603018299321], "errorNum": [5.140845070422535, 6.055124892334195, 0.00980392156862745, 0.0, 9.879518072289157, 4.7560975609756095, 6.8100000000000005, 1.3607924921793535, 0.07978723404255318, 6.16], "successRateList": [0.745381172620948, 0.7348357483267255, 0.7298237001339544, 0.726718880856846, 0.7225188808568459, 0.7121121959315347, 0.6981076640472897, 0.6790467192329094, 0.6562830857752535, 0.6285569228514761, 0.5973238946317442, 0.5671591371740439, 0.5305836588307136, 0.48085708551702383, 0.40502645672172555, 0.2925881421106724, 0.18656052013448948, 0.09442742017595722, 0.03197124622421589, 0.009663217939616036, 0.0], "precisionList": [0.012152968758214356, 0.05482796193933047, 0.1717860796153568, 0.3004771933382732, 0.39069680462346046, 0.453113875334885, 0.4981244126525944, 0.5331972749309382, 0.5598431777097719, 0.588170442739982, 0.6154159993580228, 0.6314173103052164, 0.6503907970056122, 0.6607678760928235, 0.6690553433031282, 0.6724666329819164, 0.6764766172673691, 0.6784781508485963, 0.6823089527225066, 0.6874731341472665, 0.6899121585375104, 0.6939429604114207, 0.6988210091919085, 0.7018624432207066, 0.7036917115133895, 0.7057997659913379, 0.7088485464791427, 0.7094509561176969, 0.7118899805079408, 0.712492390146495, 0.714321658439178, 0.7149314145367389, 0.7161435802728542, 0.7171533363704151, 0.7171533363704151, 0.7177630924679762, 0.7205947703992133, 0.7222142825943352, 0.7228240386918962, 0.7244362044280114, 0.7246362044280115, 0.7260557166231333, 0.7262557166231333, 0.7264557166231332, 0.7273599419752461, 0.7273599419752461, 0.7281623516138003, 0.7309866830860307, 0.7319890927245849, 0.7340036680992543, 0.7350060777378085], "fpsList": [5.058437265546958, 10.687019638346651, 10.764722561114752, 7.695328884188932, 5.523769414804394, 5.13636298910185, 7.882797721266019, 8.183308301536938, 6.31162622002336, 9.21445192708381], "fps": 7.645782492301366}