{"name": "OV", "desc": "Out-of-View - some portion of the target leaves the view.", "tracker": "RoialMDNet_5", "evalType": "OPE", "seqs": ["Biker", "Bird1", "Box", "ClifBar", "DragonBaby", "Dudek", "Human6", "Ironman", "Liquor", "Panda", "Tiger2"], "overlap": 59.71977299353264, "error": 5.3254068473822676, "overlapScores": [0.7591872530581918, 0.7314329154648934, 0.8089693899077494, 0.5190703636687235, 0.6155364487851018, 0.8399537054793493, 0.36051812529827504, 0.19032297590568262, 0.770371807299392, 0.4356160923103869, 0.538195952110845], "errorNum": [5.140845070422535, 9.901960784313726, 6.055124892334195, 5.021186440677966, 2.6548672566371683, 0.034934497816593885, 7.765151515151515, 9.879518072289157, 0.4939689833429064, 6.8100000000000005, 4.821917808219178], "successRateList": [0.7281973204216737, 0.7219243519991213, 0.7186552753610184, 0.7071793149841178, 0.6824106966064675, 0.6589867955234522, 0.6313691221543377, 0.5902757500059249, 0.5405570804752968, 0.4986888502666297, 0.4670741072494467, 0.4375678037500379, 0.3982068452130576, 0.3636608120647687, 0.3219065387201708, 0.2595482401520212, 0.18503159078731002, 0.11508093162678498, 0.04269431303363873, 0.009566136075931965, 0.0], "precisionList": [0.009250038920510724, 0.027024515600680133, 0.08180085280020238, 0.13877273767307038, 0.1835386360062892, 0.2480861238250897, 0.2971460909061537, 0.3503409366643446, 0.3934209824443991, 0.44024614156147285, 0.4808237773556625, 0.5150009931135817, 0.5424246649061838, 0.5641364477644302, 0.582218962731099, 0.5985991107642942, 0.6096774232887907, 0.6219351912072665, 0.6303561907878922, 0.6374484890071695, 0.6447475002427231, 0.6495211428992859, 0.6557880858212984, 0.6625059999241971, 0.6677644600875863, 0.6730990444092271, 0.6797727826239824, 0.6837612896993961, 0.6909954489080234, 0.693810865384346, 0.6964252095837686, 0.699978510571342, 0.7028319832838279, 0.7049115180148535, 0.7066691403905586, 0.7081228115529223, 0.7112195646506271, 0.7130837636037919, 0.7137276691474241, 0.7153400986246418, 0.7177898640348988, 0.7185632807456104, 0.7189684713035778, 0.7194807636668294, 0.7210048703476173, 0.7212539363501079, 0.7218809780620131, 0.7229762683139299, 0.7236827066117819, 0.7248573934496455, 0.7254050385756039], "fpsList": [5.058437265546958, 4.388399815384592, 10.687019638346651, 9.40097823361122, 8.22263833837583, 11.075942720281107, 6.2503622476211556, 5.523769414804394, 8.809727550139243, 7.882797721266019, 5.33264776534517], "fps": 7.512065519156575}