{"name": "OV", "desc": "Out-of-View - some portion of the target leaves the view.", "tracker": "MDResGaNet_3L_2", "evalType": "OPE", "seqs": ["Biker", "Bird1", "Box", "ClifBar", "DragonBaby", "Dudek", "Human6", "Ironman", "Liquor", "Panda", "Tiger2"], "overlap": 64.53949133673575, "error": 3.512784031795363, "overlapScores": [0.7941405799126763, 0.518580727525654, 0.6706732099523377, 0.542491735216, 0.7069311620669958, 0.7622519958079841, 0.5105398576710956, 0.6188821771058142, 0.8224559531309166, 0.658680358959163, 0.4937162896922952], "errorNum": [5.140845070422535, 6.151960784313726, 6.365202411714039, 4.152542372881356, 1.238938053097345, 0.296943231441048, 4.633838383838384, 4.578313253012048, 0.17231476163124643, 1.1700000000000002, 4.739726027397261], "successRateList": [0.8294298324900808, 0.8246736188674021, 0.8196588835269865, 0.8119922396320033, 0.7984137638988429, 0.7844446757185299, 0.767710939479285, 0.7468130699024208, 0.7249701136733429, 0.6894621935561553, 0.6482323904267888, 0.597444221723326, 0.5398826877457343, 0.4693787822340063, 0.38767758641087097, 0.3033642197534298, 0.18810355177702914, 0.08432826885205272, 0.03677147580374922, 0.00894249883796076, 0.0], "precisionList": [0.011425380183888657, 0.03535794708518422, 0.1053031354762357, 0.18968488638409964, 0.2560617240579528, 0.34138693846937324, 0.4002886414013135, 0.4561981405430256, 0.5044448875503885, 0.5432454871954998, 0.5754814341142616, 0.5968491857305409, 0.6187641353051071, 0.6369033913203144, 0.6562938585048969, 0.6707364824878402, 0.683403623321894, 0.6936980221810148, 0.7040014377246782, 0.7120322490548983, 0.7209154066593522, 0.7296907616914067, 0.739479423501299, 0.7490946299367411, 0.7563312592541752, 0.7630708767028728, 0.767142958344871, 0.7729362420762232, 0.7776516333102801, 0.7827105137694712, 0.7878278021867512, 0.7919471626807003, 0.7951531311913089, 0.7987922896072196, 0.8026769064631591, 0.8063292514342559, 0.8087664324698424, 0.8112364093521446, 0.8124164945791862, 0.8167235864815253, 0.8175725405037124, 0.8191644471314778, 0.8206067934739313, 0.8223633131098379, 0.823409116540082, 0.8247066631469692, 0.8259282501664248, 0.8265932191777794, 0.8270615025748309, 0.8286966497866981, 0.8311141011632888], "fpsList": [2.135013839260253, 2.4620075953789495, 2.014462706984783, 2.098247011545554, 1.9527513755990111, 1.97259123293961, 1.9968521571222702, 2.203085167081335, 2.0161981403482057, 1.9985427381479086, 2.009423213995573], "fps": 2.078106834400314}