{"name": "OV", "desc": "Out-of-View - some portion of the target leaves the view.", "tracker": "RoialMDNet_4", "evalType": "OPE", "seqs": ["Biker", "Bird1", "Box", "ClifBar", "DragonBaby", "Dudek", "Human6", "Ironman", "Liquor", "Panda", "Tiger2"], "overlap": 57.56922965195881, "error": 4.980870536590213, "overlapScores": [0.7276343146789093, 0.37841454344456366, 0.7790201264837191, 0.525987268590893, 0.5919640022732368, 0.8355971827501245, 0.6585714045126027, 0.19121794845197262, 0.8106132883994982, 0.3495839231230243, 0.48401125900692593], "errorNum": [5.140845070422535, 9.436274509803921, 6.046511627906977, 5.6991525423728815, 3.0973451327433628, 0.034934497816593885, 1.426767676767677, 9.819277108433734, 0.4250430786904078, 7.91, 5.7534246575342465], "successRateList": [0.7500117979126247, 0.737406072015574, 0.7290865307800062, 0.7215949661100837, 0.7098804380318728, 0.6871578174160443, 0.660600726050932, 0.6289428564724566, 0.584102600553817, 0.540585560229619, 0.5019129463409787, 0.46306227523737215, 0.43158529937196755, 0.3889649491206615, 0.32358837021987574, 0.26298815262647773, 0.20177473925361292, 0.11772050287743485, 0.04650712382592034, 0.013097584297529236, 0.0], "precisionList": [0.010075801652134043, 0.02757017153394141, 0.07133552240204276, 0.12892765342065804, 0.18233646341060625, 0.2354390543026274, 0.2800236081793042, 0.32635909054361867, 0.37536231631205436, 0.42594283617180617, 0.4692609287822185, 0.5078721197013657, 0.5367493255192034, 0.5628490990659931, 0.5842595845705743, 0.6017326246392185, 0.6201266137896317, 0.6341973589980829, 0.6445217118251662, 0.6556529492485672, 0.6629545513980755, 0.6669279046182309, 0.6729301400796325, 0.6781360335665517, 0.6848717869679674, 0.6913552268233709, 0.6994691735515821, 0.7042550683459278, 0.7081923643455448, 0.7124950075447708, 0.717893537650876, 0.7208935039536041, 0.7238143562823589, 0.7263801674913187, 0.728621062337306, 0.7314067038601224, 0.7331239162743534, 0.7344492906490893, 0.7363201204450109, 0.7376175032581443, 0.7389835702063278, 0.7408003605804637, 0.741348005706422, 0.7419878192966362, 0.7423694288678168, 0.7429457444584618, 0.7441998278822722, 0.7449062661801242, 0.7458355208772631, 0.7470233708687786, 0.7521868125003486], "fpsList": [7.270716762550361, 6.282074852904495, 8.51269197510505, 9.176224500886182, 7.040803968669518, 9.466792041142012, 8.508474856628998, 5.898312374247092, 9.174581611804388, 9.857249661790291, 9.041333043594143], "fps": 8.202659604483868}