{"name": "LR", "desc": "Low Resolution - the number of pixels inside the ground-truth bounding box is less than tr (tr =400).", "tracker": "RoialMDNet_6b", "evalType": "OPE", "seqs": ["Biker", "Box", "Car1", "Deer", "Ironman", "MotorRolling", "Panda", "RedTeam", "Surfer", "Walking2"], "overlap": 66.65478133667719, "error": 2.960259468552354, "overlapScores": [0.7360460516685124, 0.7895156852865806, 0.7218408572057291, 0.7901925708573362, 0.5775411400200567, 0.6016066694783971, 0.28993158059376667, 0.675678764478715, 0.7180751767994588, 0.7650496372791661], "errorNum": [5.352112676056338, 6.020671834625323, 0.08823529411764705, 0.0, 5.1807228915662655, 2.1951219512195124, 8.51, 1.5901981230448383, 0.425531914893617, 0.24], "successRateList": [0.8541336141962033, 0.8510215660034322, 0.8488167467263239, 0.8302901231588834, 0.8061210005022812, 0.778437186337205, 0.7642692692046498, 0.7558740448746979, 0.7493155125179507, 0.7312546158270212, 0.7025204352012367, 0.6518929200800742, 0.6079503545669038, 0.5412033363387617, 0.45145013871792444, 0.3348469846823362, 0.21874137750118255, 0.11425626366917277, 0.042317182388073166, 0.009437865714833654, 0.0], "precisionList": [0.01529742279994492, 0.07499758341402897, 0.2122706241638755, 0.35997430781561734, 0.46475220318012733, 0.5491814386109561, 0.5953407152626731, 0.6455740572759804, 0.6821509757255402, 0.7168800368986638, 0.7507658891235008, 0.7779819071245713, 0.7885391912331207, 0.7991282673668532, 0.8043870161326353, 0.805031546709724, 0.8094791444492675, 0.8128577625961476, 0.8148519497183682, 0.8156339711044733, 0.8177493720414285, 0.8214940412710664, 0.8235233095637493, 0.8236094422080216, 0.8267223159630783, 0.8303661596304307, 0.8309759157279917, 0.8309759157279917, 0.8346344523133575, 0.8372661302445946, 0.8402928713553793, 0.8415050370914944, 0.8433196124661638, 0.8435196124661639, 0.84554153429984, 0.846351290397401, 0.8473610464949619, 0.8483634561335162, 0.8483634561335162, 0.8509951340647532, 0.8516048901623142, 0.8522072998008685, 0.8536121190779771, 0.8542218751755378, 0.8548242848140921, 0.8548242848140921, 0.8548242848140921, 0.8555285101662047, 0.8561309198047591, 0.8567333294433134, 0.8573357390818674], "fpsList": [7.238512109793474, 8.503208754565117, 9.05091163562972, 6.398359795462589, 6.5527368076842665, 7.320652391796286, 8.634993481217144, 8.594256642410832, 8.177462143211189, 8.52783052999293], "fps": 7.899892429176354}