{"name": "LR", "desc": "Low Resolution - the number of pixels inside the ground-truth bounding box is less than tr (tr =400).", "tracker": "MDResNet_4L", "evalType": "OPE", "seqs": ["Deer", "Ironman", "MotorRolling", "Walking2"], "overlap": 53.48274850067386, "error": 4.9772137467768705, "overlapScores": [0.6572111646350326, 0.3509810437613554, 0.5652796001493552, 0.5658381314812114], "errorNum": [1.5492957746478873, 9.036144578313253, 3.963414634146342, 5.36], "successRateList": [0.7382951807228916, 0.7187409638554216, 0.7062168674698796, 0.696183692516545, 0.681141229983486, 0.6695929523659736, 0.6514561923406439, 0.629709529288573, 0.5791096484874572, 0.544597453365506, 0.5022786253223129, 0.4609261194554929, 0.39992195991109747, 0.3142412535749318, 0.2426850500593925, 0.15966578785081928, 0.08662815949472918, 0.055394047505721966, 0.019142575109782997, 0.00805154110085136, 0.0], "precisionList": [0.007051541100851362, 0.011572667861414742, 0.021603082201702723, 0.041200140307019906, 0.061821588656239525, 0.09351570486687388, 0.1267130845608473, 0.1815555909657179, 0.22124644369301322, 0.27309823767760844, 0.3027257101232136, 0.3325211536630893, 0.3531946459834529, 0.3935225525944382, 0.44496914694159667, 0.47575480003145526, 0.5182084242155844, 0.533385180019287, 0.5475342820957482, 0.5596315492129976, 0.581347295054488, 0.5980207873748515, 0.6040939581065589, 0.6177370360866344, 0.6248162309147273, 0.633392162259481, 0.6440141134789932, 0.6495689180631836, 0.6530933083070861, 0.6561176985509886, 0.661172503135179, 0.6646968933790814, 0.6712424103835473, 0.6767911908713521, 0.6782972149677376, 0.6813459954555425, 0.6828459954555426, 0.6873764097958305, 0.6934035606527794, 0.7009551017536308, 0.7034794919975332, 0.7070099063378212, 0.7085342965817237, 0.7140707350183972, 0.7140707350183972, 0.7150707350183972, 0.7160707350183972, 0.726625036732295, 0.727125036732295, 0.728625036732295, 0.7301250367322949], "fpsList": [1.897141670970337, 2.34325467226757, 2.052357030200153, 2.144750751549492], "fps": 2.109376031246888}