{"name": "OV", "desc": "Out-of-View - some portion of the target leaves the view.", "tracker": "MDResNet_4L", "evalType": "OPE", "seqs": ["Dudek", "Ironman", "Lemming", "Liquor", "Suv", "Tiger2"], "overlap": 63.72886177767785, "error": 2.9063713765771673, "overlapScores": [0.7558243937719735, 0.3509810437613554, 0.7433750469953426, 0.8085393730914164, 0.7782528268698768, 0.386759022170706], "errorNum": [0.10480349344978165, 9.036144578313253, 0.3817365269461078, 0.5743825387708213, 0.1904761904761905, 7.150684931506849], "successRateList": [0.8631757894015378, 0.8447200334625148, 0.834384974453612, 0.8202913042490435, 0.8072492531161212, 0.7955247712694479, 0.779811489400983, 0.764538491993361, 0.7439910691247822, 0.7341010643304404, 0.7093628623422833, 0.6874543529968727, 0.6535484124046317, 0.6097258385032516, 0.5329740351545669, 0.42918057266671344, 0.2943409420519369, 0.17499269818705196, 0.07571921275533766, 0.017490226911401143, 0.0], "precisionList": [0.002591353852977272, 0.013721510125803403, 0.03887601656808861, 0.06863962660917844, 0.10904959054046975, 0.15726235449316878, 0.20278125382575765, 0.24808224722246575, 0.2913569921283213, 0.3345650351766863, 0.37295114137797253, 0.4091286627687499, 0.4450443078875786, 0.4785533315126275, 0.5116517706326059, 0.5462851996618697, 0.5709189389776241, 0.5974393173677768, 0.6209502587674705, 0.642687413187328, 0.6600569321341755, 0.6761328229902817, 0.6869977456018995, 0.6964766340633792, 0.7076164391315075, 0.7150189703849036, 0.7232847192827333, 0.7325695854138051, 0.737877837120342, 0.7423507663136553, 0.7495493387661729, 0.7541475836155699, 0.7587787780865932, 0.7631257355783956, 0.7696463359775082, 0.7731150852452601, 0.775267731029507, 0.7806355849483805, 0.7844351778994456, 0.7890592195443674, 0.7939225712801381, 0.797959525516148, 0.8004639815878178, 0.8068029538062667, 0.8094230800829236, 0.8122585365334495, 0.8127151575380157, 0.8165496736847947, 0.8170630617816542, 0.8200549452933547, 0.8241445945525916], "fpsList": [2.09153784570778, 2.34325467226757, 1.9509848224070656, 2.0577472030297357, 1.9810185939365894, 2.1736151416526686], "fps": 2.0996930465002346}