{"name": "LR", "desc": "Low Resolution - the number of pixels inside the ground-truth bounding box is less than tr (tr =400).", "tracker": "RoialMDNet_4", "evalType": "OPE", "seqs": ["Deer", "Ironman", "MotorRolling", "Walking2"], "overlap": 59.7081114486016, "error": 3.398113429327064, "overlapScores": [0.7595018178530145, 0.252047887568612, 0.5876215195682506, 0.7891532329541866], "errorNum": [0.0, 9.698795180722891, 3.353658536585366, 0.54], "successRateList": [0.7771084337349398, 0.7705843373493977, 0.7595421686746988, 0.7580421686746988, 0.7545361445783132, 0.7520301204819277, 0.7500301204819277, 0.730261827799001, 0.6799813399941228, 0.6713593887746105, 0.6601886570672935, 0.6404266823391125, 0.6155884824078175, 0.5826559849842516, 0.48078137144938393, 0.39013760642018436, 0.23527931030201188, 0.1288517939845952, 0.04763931162644394, 0.013551541100851362, 0.0], "precisionList": [0.01105154110085136, 0.06209379462197812, 0.1621843257606172, 0.26399315434186077, 0.3293296366503458, 0.38272142641331386, 0.42860668920960376, 0.4791448204359865, 0.5003789324249936, 0.5382739856713008, 0.5705714779419981, 0.6064697946716444, 0.6231400235086688, 0.6383655598001763, 0.6530850719952983, 0.6647558037026153, 0.6698106082868057, 0.6794569497502203, 0.6840301204819277, 0.6870789009697326, 0.6962252424331472, 0.7084203643843667, 0.7175667058477814, 0.7241642668233912, 0.7261886570672935, 0.7302374375550984, 0.732261827799001, 0.7337862180429033, 0.7363106082868057, 0.7368106082868058, 0.741383779018513, 0.7458958272112841, 0.749444607699089, 0.7509689979429915, 0.7509689979429915, 0.7529689979429915, 0.7529689979429915, 0.7539689979429915, 0.7539689979429915, 0.7559933881868939, 0.7580177784307963, 0.7605238025271819, 0.7620298266235674, 0.7620298266235674, 0.7635542168674698, 0.7635542168674698, 0.7695783132530121, 0.7710843373493976, 0.7710843373493976, 0.7710843373493976, 0.7710843373493976], "fpsList": [6.398334775379238, 5.069255222080263, 6.965705639842404, 8.803167244872922], "fps": 6.809115720543707}