{"name": "OV", "desc": "Out-of-View - some portion of the target leaves the view.", "tracker": "RoialMDNet_4", "evalType": "OPE", "seqs": ["Dudek", "Ironman", "Lemming", "Liquor", "Suv", "Tiger2"], "overlap": 64.54362180085101, "error": 3.1675322192946767, "overlapScores": [0.8479502073641372, 0.252047887568612, 0.6602239432557139, 0.7971903225362059, 0.8103161330804398, 0.5048888142459521], "errorNum": [0.0, 9.698795180722891, 2.9715568862275448, 0.4595060310166571, 0.42328042328042326, 5.4520547945205475], "successRateList": [0.8481352888922281, 0.8439428577921667, 0.8362899143901384, 0.8292279407461819, 0.8171073502856281, 0.8035508458517889, 0.7775373601971941, 0.747784797841179, 0.7240282278714579, 0.6996398427419424, 0.6832467780705324, 0.6629633998868445, 0.6502431859383666, 0.6284195714619975, 0.5906785943844878, 0.528579857596903, 0.43334037532943465, 0.285432631512119, 0.11984705210139589, 0.022923074058365068, 0.0], "precisionList": [0.00405211858168602, 0.0287519893748726, 0.08731715059486994, 0.1586310530076474, 0.23018964195084554, 0.31143745251570215, 0.365479512178351, 0.4211527270316254, 0.45920482114717287, 0.49102906430041426, 0.5238741865199275, 0.5471104139018169, 0.5692239131978393, 0.5899122047551276, 0.6102521019803263, 0.625458998268393, 0.6406328862024093, 0.6503686513916508, 0.6599555508073581, 0.6686860790201159, 0.6758602718968434, 0.6820420677344977, 0.6925630656863379, 0.7036953714505021, 0.7128618087223778, 0.7212908575280172, 0.7276712083056064, 0.7364280430124821, 0.744061049528353, 0.7528837244557754, 0.763000120679826, 0.7744067506872039, 0.7807297692154177, 0.7894610015070267, 0.7969900141605271, 0.8037697479238933, 0.8122343348437081, 0.8165492499757224, 0.8198250013267878, 0.8246439749724858, 0.8259864492113266, 0.8281466294164295, 0.8304142696592133, 0.8322249927305334, 0.8329311147331037, 0.8342527790633775, 0.8389459452471023, 0.8402510786533948, 0.8406253301504009, 0.8408748311484048, 0.8413448130685394], "fpsList": [9.118116383318142, 5.069255222080263, 8.867183724057845, 8.526155774625305, 8.968950642441056, 8.107270820682722], "fps": 8.109488761200888}