{"name": "OV", "desc": "Out-of-View - some portion of the target leaves the view.", "tracker": "MDResNet", "evalType": "OPE", "seqs": ["Dudek", "Ironman", "Lemming", "Liquor", "Suv", "Tiger2"], "overlap": 66.03848253385449, "error": 1.8645737489880465, "overlapScores": [0.6122778055460897, 0.5980198182830667, 0.6306103671659838, 0.8385677419156972, 0.6785151045604965, 0.6043181145599356], "errorNum": [3.703056768558952, 2.6506024096385543, 2.1332335329341316, 0.03446295232624928, 0.5291005291005291, 2.136986301369863], "successRateList": [0.998995983935743, 0.9976392341854189, 0.9954006502199273, 0.9940439004696033, 0.992176344720769, 0.9882227124266203, 0.9651648668053526, 0.9437941679873324, 0.9105997140574674, 0.8626052720569094, 0.8135426251011953, 0.7451711362947674, 0.6660370916197446, 0.5695150921543946, 0.4553073200147278, 0.3368511677357535, 0.22799682491727424, 0.1427651734660043, 0.06320990179643954, 0.02150498774583869, 0.0], "precisionList": [0.0029347989145188914, 0.01930313077305393, 0.06098006830614353, 0.11700406457028166, 0.18222966068989177, 0.23881998889753286, 0.2994443125493302, 0.37189426602540904, 0.4337465998054823, 0.484915558188252, 0.5446928691826253, 0.5889088197494764, 0.6287196595559492, 0.671895716473505, 0.7042254270295129, 0.7295403693363244, 0.7585765900625079, 0.7862744733240875, 0.8052364032770208, 0.8253086290880334, 0.8411307062875916, 0.8536646623762895, 0.8648241094224116, 0.8760430640599924, 0.885945519065814, 0.8972635597124651, 0.9076224273923423, 0.9157965697930545, 0.9242789290899681, 0.9299209773549914, 0.9358859796928685, 0.941904935941197, 0.9454491319401795, 0.9501464326609633, 0.9551646266443373, 0.9594491154700254, 0.9632518855952653, 0.9681227328114793, 0.971765153495553, 0.9747564790159332, 0.9775672103436618, 0.9798762831890836, 0.9812612473717671, 0.9841376550587383, 0.9863002512637083, 0.9869132993294493, 0.9890785981268925, 0.9893697189420307, 0.9922710532978184, 0.9928034649436545, 0.9934165130093954], "fpsList": [2.0916863040321467, 2.134634785169801, 2.1148819952742164, 2.167713111841942, 2.2164315705257636, 2.08005922727571], "fps": 2.13423449901993}