{"name": "LR", "desc": "Low Resolution - the number of pixels inside the ground-truth bounding box is less than tr (tr =400).", "tracker": "MDResNet", "evalType": "OPE", "seqs": ["Deer", "Ironman", "MotorRolling", "Walking2"], "overlap": 65.87294673859203, "error": 1.6779511864013938, "overlapScores": [0.7031388497793714, 0.5980198182830667, 0.5662921638773764, 0.7674670376038669], "errorNum": [0.28169014084507044, 2.6506024096385543, 3.7195121951219514, 0.06], "successRateList": [0.9984939759036144, 0.9969879518072289, 0.9954819277108433, 0.9939759036144579, 0.9939759036144579, 0.9924698795180723, 0.9818726124008228, 0.9646687057401713, 0.9297546593105503, 0.8588991217359994, 0.8322048813598606, 0.7807031492510752, 0.7116810871103789, 0.6255436007168488, 0.47102512075095293, 0.2840734935620186, 0.1484424492887386, 0.060669138250011384, 0.023090740150571366, 0.008551541100851361, 0.0], "precisionList": [0.00805154110085136, 0.02813044207058395, 0.06975732679946857, 0.1450145294334328, 0.24334410607045148, 0.3272046847644787, 0.4000349732837223, 0.5039768348557404, 0.570282230260789, 0.6115708529756263, 0.6725474829582845, 0.7073572324336852, 0.7382286073183149, 0.7730445899020334, 0.7958065646302144, 0.8220587489083784, 0.8402228688025892, 0.8650029158199269, 0.883712846576964, 0.9009076746698232, 0.9135293320309752, 0.9231296536196314, 0.9261600679599193, 0.9357420234010587, 0.9418212182291515, 0.9539612417378204, 0.9585160463220108, 0.9645952411501036, 0.9661196313940061, 0.9706744359781966, 0.97419556273876, 0.9787503673229503, 0.9787503673229503, 0.9802747575668528, 0.9833051719071408, 0.9833051719071408, 0.9848295621510432, 0.9863355862474288, 0.9878599764913312, 0.9893843667352336, 0.9893843667352336, 0.9893843667352336, 0.9893843667352336, 0.9908903908316191, 0.9924147810755215, 0.993939171319424, 0.993939171319424, 0.9954635615633265, 0.9984756097560976, 0.9984756097560976, 0.9984756097560976], "fpsList": [1.9432577294809659, 2.134634785169801, 2.0267837012077767, 2.1722072766422658], "fps": 2.069220873125202}