{"name": "LR", "desc": "Low Resolution - the number of pixels inside the ground-truth bounding box is less than tr (tr =400).", "tracker": "RoialMDNet_4", "evalType": "OPE", "seqs": ["Biker", "Box", "Car1", "Deer", "Ironman", "MotorRolling", "Panda", "RedTeam", "Surfer", "Walking2"], "overlap": 64.0709805929403, "error": 4.321015195123094, "overlapScores": [0.6780195718732528, 0.7935538837613543, 0.7197108884886392, 0.7595018178530145, 0.252047887568612, 0.5876215195682506, 0.404441790739271, 0.6758568656524344, 0.7471906008350155, 0.7891532329541866], "errorNum": [5.070422535211268, 6.072351421188631, 9.872549019607844, 0.0, 9.698795180722891, 3.353658536585366, 7.069999999999999, 1.2930135557872786, 0.23936170212765956, 0.54], "successRateList": [0.711372118747582, 0.707071818413495, 0.7005507255915028, 0.6928805427925816, 0.6851654570976894, 0.6748588221070225, 0.6633959192569752, 0.640727913966912, 0.6057720001328551, 0.5896351545800383, 0.5673856546274195, 0.5349169115660034, 0.5016821053577626, 0.47048173872366583, 0.3968474070941704, 0.3133966105284399, 0.18994586040345046, 0.0982300282687675, 0.03734238319452768, 0.008597926705823744, 0.0], "precisionList": [0.012452520726850855, 0.06269679461947655, 0.16721784408271695, 0.28656448256155226, 0.35830611538862617, 0.4160606512148431, 0.4564382592719946, 0.49662024579877356, 0.5206774958835811, 0.5561522726270833, 0.5867232588329233, 0.6162623547037495, 0.6352447087926438, 0.6474269129733294, 0.6549621769383721, 0.6619098887718613, 0.6649221686019223, 0.6689529704758325, 0.671040636701332, 0.674106822336032, 0.6778514915656702, 0.6835198983425428, 0.6882390974285242, 0.6915823471708809, 0.692478235912714, 0.6948019734599485, 0.6963159549096223, 0.6969257110071833, 0.6979354671047442, 0.698925825101129, 0.7008531326094982, 0.7027440845308789, 0.7042497293702731, 0.7055637108199466, 0.7062679361720594, 0.7084763868762847, 0.7084763868762847, 0.7088763868762846, 0.7088763868762846, 0.7096861429738456, 0.7104958990714065, 0.7114983087099608, 0.7149176197569658, 0.7156218451090784, 0.7183442772629774, 0.7183442772629774, 0.721458141169307, 0.7220605508078612, 0.7220605508078612, 0.7220605508078612, 0.7228628153756602], "fpsList": [5.59904164344274, 8.777313972644585, 5.64114640897905, 6.398334775379238, 5.069255222080263, 6.965705639842404, 9.014708980752815, 9.346149383932365, 8.389847599982897, 8.803167244872922], "fps": 7.400467087190927}