{"name": "OV", "desc": "Out-of-View - some portion of the target leaves the view.", "tracker": "RoialMDNet_1", "evalType": "OPE", "seqs": ["Biker", "Bird1", "Box", "ClifBar", "DragonBaby", "Dudek", "Human6", "Ironman", "Liquor", "Panda", "Tiger2"], "overlap": 57.13223990070632, "error": 4.797373430127407, "overlapScores": [0.7439860386875254, 0.3263955642386737, 0.7310616830928169, 0.590853155271982, 0.6240309006628586, 0.8421621732200584, 0.5986761109332753, 0.3497960758404212, 0.8018950577161162, 0.22694727412511684, 0.44874235528884976], "errorNum": [5.211267605633802, 9.558823529411764, 0.3962101636520241, 6.90677966101695, 2.212389380530974, 0.07860262008733625, 3.1313131313131315, 9.879518072289157, 0.3044227455485353, 8.9, 6.191780821917808], "successRateList": [0.6880953781076106, 0.665596964394397, 0.6479242486572722, 0.642536904204959, 0.6360280018442389, 0.6261594915836677, 0.6105629916824523, 0.5903996940247173, 0.5708668494343135, 0.5533884220964954, 0.5200135909847687, 0.4832614007825066, 0.4488796030658537, 0.4073721731485499, 0.3454916418028407, 0.2830716285100863, 0.19997339522216545, 0.12272112630460817, 0.05309786804329392, 0.01494902037884771, 0.0], "precisionList": [0.008982827219178221, 0.02921413777485043, 0.07910753868151706, 0.1367306520791711, 0.1819639651653869, 0.23131541684287438, 0.26923435000331536, 0.3099794122869326, 0.3437779077108268, 0.37174882520267166, 0.40353177735784107, 0.43108360879192364, 0.4602565778965785, 0.48968996756888533, 0.5146775327609412, 0.5330373549644478, 0.5529301750091263, 0.5684462503258056, 0.5819341310830193, 0.5925230993659634, 0.6024756080175467, 0.6131795254382827, 0.6211807325728254, 0.6266753586374239, 0.634321726547653, 0.6426739522320215, 0.6477805712061157, 0.6529992557186922, 0.6603953808658918, 0.6661654295116933, 0.6704324715166929, 0.673316876900678, 0.676651194140526, 0.6800918348147207, 0.6837268765453399, 0.6864907980462511, 0.6886949720928157, 0.6908326519358874, 0.6933848863348181, 0.6949302331826467, 0.6962030968349514, 0.6978243715982445, 0.6990807561939092, 0.7001097290703462, 0.7013936959591263, 0.7020319327638636, 0.7031958453502889, 0.7046170214305832, 0.705692682842081, 0.7072640901972332, 0.7082448765752299], "fpsList": [7.869550202819656, 6.859628128390291, 11.948428260602524, 11.857288049660529, 7.27363617312879, 11.269280997700927, 5.704341746667415, 7.5383675981567935, 10.662547938592047, 8.850464479499802, 12.0587561920499], "fps": 9.262935433388062}