{"name": "LR", "desc": "Low Resolution - the number of pixels inside the ground-truth bounding box is less than tr (tr =400).", "tracker": "RoialMDNet_6c", "evalType": "OPE", "seqs": ["Deer", "Ironman", "MotorRolling", "Walking2"], "overlap": 63.95506183824596, "error": 3.3314498805941737, "overlapScores": [0.7428688868060188, 0.49402072748231723, 0.5545762736124727, 0.7667365856290297], "errorNum": [0.14084507042253522, 8.433734939759036, 4.451219512195122, 0.3], "successRateList": [0.7964296209227153, 0.7843814281516309, 0.7813693799588598, 0.7748422291019108, 0.7693057906652374, 0.7678057906652374, 0.7627877183760807, 0.7475621820845733, 0.7196415238418463, 0.7095135485259485, 0.6668550119405827, 0.6379527198453725, 0.6005109348420821, 0.532970043002653, 0.43323503495258947, 0.32159206665204276, 0.1960987032982497, 0.09726025710537098, 0.03557266786141474, 0.012051541100851361, 0.0], "precisionList": [0.01105154110085136, 0.054051541100851364, 0.13666064739893963, 0.23937530265341683, 0.31114811082185145, 0.3634141830116757, 0.41324434736541493, 0.45511777098086614, 0.4824310777979661, 0.5228505212881758, 0.5384594185743317, 0.5737780376055924, 0.5959661297198413, 0.618706265805234, 0.6338704705458729, 0.6450135485259485, 0.6541598899893631, 0.6637878653052609, 0.6719098165247731, 0.674958597012578, 0.6840682061809588, 0.6886413769126661, 0.692190157400471, 0.6998121086199831, 0.7043852793516905, 0.7125072305712027, 0.7140132546675882, 0.7206108156431981, 0.7256656202273885, 0.7287144007151933, 0.7332875714469007, 0.7368179857871886, 0.741391156518896, 0.7474887174945057, 0.7490131077384081, 0.7520191318347936, 0.7550495461750816, 0.759604350759272, 0.7611287410031745, 0.7631287410031745, 0.7646531312470769, 0.7681835455873649, 0.768683545587365, 0.768683545587365, 0.768683545587365, 0.7701895696837505, 0.7732383501715554, 0.7767594769321188, 0.7782838671760212, 0.7797898912724067, 0.7828203056126947], "fpsList": [6.58817618106258, 6.579216088665095, 6.407229061891418, 9.355023918732298], "fps": 7.232411312587848}