{"name": "OV", "desc": "Out-of-View - some portion of the target leaves the view.", "tracker": "RoialMDNet_6c", "evalType": "OPE", "seqs": ["Dudek", "Ironman", "Lemming", "Liquor", "Suv", "Tiger2"], "overlap": 61.61319661935202, "error": 4.01337434609414, "overlapScores": [0.8358226766375199, 0.49402072748231723, 0.736960939122074, 0.377936289223607, 0.7282825877273954, 0.5237685769682079], "errorNum": [0.008733624454148471, 8.433734939759036, 1.347305389221557, 6.72027570361861, 2.5291005291005293, 5.0410958904109595], "successRateList": [0.8345399571292228, 0.8244470413160107, 0.7687493358156482, 0.7603184623532528, 0.7378397127380718, 0.7265473700894004, 0.715051030755841, 0.692822066516065, 0.6620963307326762, 0.6311292793277239, 0.598662565390586, 0.5608824800750453, 0.5320853693668948, 0.49784131571856777, 0.45401006092786256, 0.39478757743774523, 0.3102706860849977, 0.19491286864801746, 0.07775823321313786, 0.01580465732048823, 0.0], "precisionList": [0.0045005826908815095, 0.020329127565186487, 0.062277623866624755, 0.12497320718838718, 0.18426592033808764, 0.24293253196294376, 0.29807052872364753, 0.36141675221949754, 0.4058447833510617, 0.43857400642935734, 0.46683834783585715, 0.48950187908818915, 0.5072574353393194, 0.524887593626773, 0.5407461027631099, 0.5568927446138513, 0.5683156371076478, 0.5809303846748257, 0.589829374532937, 0.5995355045595284, 0.6225144069884458, 0.649196170637707, 0.6690832940788192, 0.6856826515759923, 0.6998687887217896, 0.7172742721004535, 0.7325568374511392, 0.7453959594580986, 0.7565101491944279, 0.7648681019023787, 0.7738866805219481, 0.7806139423144124, 0.7845101907242178, 0.7884536126321645, 0.7930235985799955, 0.7972923565964223, 0.8027506351315874, 0.8089159519022052, 0.8110469176511765, 0.8125134344866477, 0.8153516006954082, 0.8174876066032729, 0.8182314188772247, 0.8192403913094856, 0.820651927412254, 0.8220736011502422, 0.8233528844890743, 0.8236249817552362, 0.8237207121783648, 0.8253577160902216, 0.8266338294206405], "fpsList": [8.437949947718382, 6.579216088665095, 9.075747223960896, 8.623131317295412, 10.390613863549783, 9.365513643489686], "fps": 8.745362014113208}