{"name": "OV", "desc": "Out-of-View - some portion of the target leaves the view.", "tracker": "MDNet", "evalType": "OPE", "seqs": ["Biker", "Bird1", "Box", "ClifBar", "DragonBaby", "Dudek", "Human6", "Ironman", "Liquor", "Panda", "Tiger2"], "overlap": 64.16627872486814, "error": 3.5685701634721103, "overlapScores": [0.7881643188364561, 0.5125458584755939, 0.7376717549899592, 0.5301496191125, 0.74634403585599, 0.8520985074979885, 0.7632371510498255, 0.2213104146276203, 0.8110675754033271, 0.5084763687221313, 0.5872250551641036], "errorNum": [5.140845070422535, 8.21078431372549, 0.24117140396210163, 5.6991525423728815, 0.9734513274336283, 0.0, 0.1388888888888889, 9.698795180722891, 0.27570361860999426, 5.67, 3.205479452054795], "successRateList": [0.8266618434454629, 0.8169439404256864, 0.8116299262797342, 0.808555034692183, 0.8049684603516777, 0.7989552127823263, 0.786471357750796, 0.7656472537416761, 0.7322608344429207, 0.6871776789686236, 0.6429611654709708, 0.6097082243713757, 0.5558868739823783, 0.5139665628638332, 0.45503273077609224, 0.3778201120930805, 0.2831423889017586, 0.17939781155597376, 0.0789777250666884, 0.021363465707402586, 0.0], "precisionList": [0.010447816864140796, 0.03639563364814916, 0.09351888450520854, 0.1726457500388479, 0.22792726960120976, 0.28227780631288124, 0.33496381501672534, 0.399586887182605, 0.45770098107395113, 0.506508497975881, 0.5492548923976561, 0.5783038586088991, 0.6021002688808385, 0.6242993798247961, 0.6462687274407631, 0.6706988137609703, 0.6941884053643199, 0.7152209540681131, 0.7274586082933606, 0.737763113872676, 0.7444652307701365, 0.7505886799256974, 0.7558695942741624, 0.7601916536360726, 0.7656731801525527, 0.771420373312676, 0.776779096268896, 0.780588029873622, 0.7854921567744095, 0.7883267349233779, 0.7918133890360494, 0.7947126911199139, 0.7977044109903992, 0.8000462393427537, 0.8032763020401238, 0.8064800777486038, 0.807496607731769, 0.8091265133579078, 0.8097160139429801, 0.8115520707874723, 0.8120502027924537, 0.8125587323572254, 0.8127175255291189, 0.8138568596042759, 0.8163988372861662, 0.8179551336952104, 0.8193788865355647, 0.8216315208783392, 0.8221791660042977, 0.8232216281216531, 0.8232216281216531], "fpsList": [1.6764982568607036, 2.617875975203819, 2.3783409848724704, 2.1872700371853413, 1.9315007680052725, 2.3936042073351453, 2.124014172579962, 2.4525548218662294, 2.2383771792444835, 2.121379812130787, 2.564833397864031], "fps": 2.2442045102862043}