{"name": "LR", "desc": "Low Resolution - the number of pixels inside the ground-truth bounding box is less than tr (tr =400).", "tracker": "RoialMDNet_2", "evalType": "OPE", "seqs": ["Biker", "Box", "Car1", "Deer", "Ironman", "MotorRolling", "Panda", "RedTeam", "Surfer", "Walking2"], "overlap": 63.353284986997494, "error": 3.532750021690459, "overlapScores": [0.7294779824608896, 0.7907843996598121, 0.6462868143273922, 0.7667159729278307, 0.2517752438985603, 0.5178691861944921, 0.4348594094603378, 0.6634657800888445, 0.7442823451381851, 0.7898113645434057], "errorNum": [5.140845070422535, 6.055124892334195, 0.8431372549019609, 0.0, 9.518072289156626, 4.7560975609756095, 6.58, 2.05422314911366, 0.0, 0.38], "successRateList": [0.8075557476645094, 0.8003121390838451, 0.7938000908910742, 0.7852856330597489, 0.778566238407971, 0.7703762818983956, 0.75061671449744, 0.7342017649819386, 0.7169657278350551, 0.6871653276525888, 0.6465748209718893, 0.6029143844042003, 0.5542227135773903, 0.4878446785932529, 0.40473822573417506, 0.2964166686100306, 0.1880256295331632, 0.0988492684851953, 0.03290436778612896, 0.011456408728583629, 0.0], "precisionList": [0.013553743799193099, 0.054972340437940116, 0.17055547192957232, 0.30513379937529284, 0.4098952002314288, 0.4974078658322589, 0.5457512307227503, 0.5913604025869686, 0.6174852379943964, 0.6543116825700017, 0.685499629160453, 0.7082772532842213, 0.7198417364247399, 0.7277696539307759, 0.7314393415423808, 0.735366908215451, 0.7391903636303545, 0.7424114094067037, 0.746442211280614, 0.7519300161586628, 0.7549787966464676, 0.7575039536809838, 0.760315243359772, 0.7629542677500158, 0.7654877613948115, 0.7673170296874944, 0.7693462979801773, 0.7705658101752992, 0.7723950784679822, 0.7742170003016583, 0.7750194099402126, 0.7776584343304564, 0.7782608439690107, 0.7802901122616936, 0.7802901122616936, 0.7810925219002478, 0.783714443733924, 0.7851266094700392, 0.7879435944832628, 0.7897631066783848, 0.7912540585997654, 0.7912540585997654, 0.7924662243358805, 0.7930686339744348, 0.7936783900719957, 0.7942807997105501, 0.7954929654466651, 0.7960953750852193, 0.7973148872803414, 0.7973148872803414, 0.7979172969188955], "fpsList": [4.179059731858121, 4.178610965580524, 4.251967427269922, 3.855321042056169, 4.699582119549583, 5.357355498626014, 4.572023903651394, 4.463117739695436, 4.432049458696743, 4.2608588798769285], "fps": 4.424994676686084}