{"name": "OV", "desc": "Out-of-View - some portion of the target leaves the view.", "tracker": "RoialMDNet_2", "evalType": "OPE", "seqs": ["Biker", "Bird1", "Box", "ClifBar", "DragonBaby", "Dudek", "Human6", "Ironman", "Liquor", "Panda", "Tiger2"], "overlap": 58.67548020708173, "error": 5.38561490065921, "overlapScores": [0.7294779824608896, 0.4698032360359407, 0.7907843996598121, 0.5964699781006705, 0.6584289849223771, 0.8412924683927258, 0.38347035764760856, 0.2517752438985603, 0.7830256534531849, 0.4348594094603378, 0.5149151087468824], "errorNum": [5.140845070422535, 9.705882352941176, 6.055124892334195, 6.779661016949152, 2.0353982300884956, 0.0, 7.575757575757576, 9.518072289156626, 0.45376220562894887, 6.58, 5.397260273972603], "successRateList": [0.6915402648025747, 0.6846321463299291, 0.6755882161753283, 0.6666316083195833, 0.6527476808000077, 0.6218158044317651, 0.5851676819016095, 0.5486845768319873, 0.5132281389376439, 0.4869375702191997, 0.46143850993407903, 0.43492053958269566, 0.41116592307533556, 0.3781590483731431, 0.32654798524011935, 0.26110901102690787, 0.19907143929518548, 0.11360933605003377, 0.040971892714775894, 0.011285667847895987, 0.0], "precisionList": [0.009363110600703058, 0.03184901687103569, 0.08257041720855282, 0.13360714847539543, 0.17964002470626136, 0.22780302394260368, 0.26906516007657255, 0.3137725900750653, 0.3627281657142704, 0.4037975356668465, 0.44323077364937763, 0.4763242971865139, 0.4998330867825731, 0.522073598191316, 0.5366222729474267, 0.5542059855233993, 0.5665866532737609, 0.5804731695323136, 0.5897932351537514, 0.5992011613542715, 0.6055995771477666, 0.6097724269052631, 0.6142425946822214, 0.6214021776442957, 0.6262784136593201, 0.6314565036244999, 0.637454402551566, 0.6421595668767544, 0.6453744594195494, 0.6502341635680572, 0.6549078262675078, 0.6597853286256569, 0.6618638981113334, 0.6642240856808871, 0.6663053586400202, 0.6676937587176678, 0.6702188102170076, 0.6716866068806019, 0.6754811420726647, 0.6762947170328409, 0.6788503435088535, 0.6797792692778386, 0.6804857075756906, 0.6821651075190874, 0.6821651075190874, 0.6827127526450458, 0.6834530017771675, 0.6840006469031259, 0.6841932509092893, 0.6843858549154526, 0.684933500041411], "fpsList": [4.179059731858121, 5.740665293552845, 4.178610965580524, 4.443526947357707, 4.765240877511243, 4.3099728454227595, 4.442549106144503, 4.699582119549583, 4.370746559927032, 4.572023903651394, 4.2449833089230955], "fps": 4.540632878134438}