{"name": "LR", "desc": "Low Resolution - the number of pixels inside the ground-truth bounding box is less than tr (tr =400).", "tracker": "RoialMDNet_6", "evalType": "OPE", "seqs": ["Deer", "Ironman", "MotorRolling", "Walking2"], "overlap": 56.3273316725633, "error": 3.643355862474287, "overlapScores": [0.7610637123645422, 0.14061881379905192, 0.5476003990940478, 0.8038103416448901], "errorNum": [0.0, 9.819277108433734, 4.634146341463415, 0.12], "successRateList": [0.7770166029973553, 0.7529202174551866, 0.7468777549221275, 0.7468777549221275, 0.7453533646782251, 0.7392985600940347, 0.733200999118425, 0.7210058771672054, 0.695091243020864, 0.6534327064354981, 0.6356644137525713, 0.6188961210696444, 0.5880828142525443, 0.5461568437956568, 0.45342204475752546, 0.35729940648888925, 0.23014756863248254, 0.13381761329067557, 0.060202691908134084, 0.02311818486588056, 0.0], "precisionList": [0.008551541100851361, 0.05459379462197812, 0.1682937259170657, 0.2745386713463266, 0.32271747588085076, 0.3866417287149284, 0.4149246211917405, 0.4707968300546742, 0.49854880532090573, 0.5293495610749421, 0.5561015363411737, 0.5874083161915956, 0.5935058771672054, 0.5985790478989128, 0.6107741698501322, 0.6193961210696444, 0.6239692918013517, 0.6305668527769615, 0.6366644137525712, 0.6442863649720835, 0.6539327064354981, 0.6615546576550102, 0.670700999118425, 0.6757741698501323, 0.6803473405818395, 0.681871730825742, 0.6849205113135468, 0.6864449015574493, 0.6894936820452542, 0.6925424625330591, 0.6971156332647663, 0.7001644137525713, 0.7032131942403761, 0.7047375844842786, 0.7062619747281811, 0.7123595357037907, 0.7138655598001763, 0.7169143402879812, 0.7174143402879811, 0.7189387305318837, 0.7189387305318837, 0.7194387305318837, 0.7194387305318837, 0.7194387305318837, 0.7209631207757861, 0.7224875110196886, 0.7240119012635909, 0.7270239494563621, 0.7300359976491331, 0.7376395827211284, 0.74520643549809], "fpsList": [7.047229586005329, 5.5603153910459895, 7.116949030296791, 8.822289186644271], "fps": 7.136695798498096}