{"name": "OV", "desc": "Out-of-View - some portion of the target leaves the view.", "tracker": "RoialMDNet_6", "evalType": "OPE", "seqs": ["Dudek", "Ironman", "Lemming", "Liquor", "Suv", "Tiger2"], "overlap": 64.32949849608002, "error": 2.884825112200227, "overlapScores": [0.8495235360802392, 0.14061881379905192, 0.6590001258236637, 0.826423929810054, 0.7964932398791089, 0.5877102643726833], "errorNum": [0.0, 9.819277108433734, 2.9266467065868262, 0.39632395175186674, 0.5502645502645502, 3.616438356164384], "successRateList": [0.8556245050159825, 0.8390160534555461, 0.8352985378906411, 0.8330659659973904, 0.8268122685868482, 0.8203170736520654, 0.8039622923157891, 0.7798629113069294, 0.7534993766166528, 0.7296923582334736, 0.7115174887799772, 0.6937554621844839, 0.6724534628435035, 0.6479852047859319, 0.6156484843084061, 0.555102110467526, 0.44831866089064953, 0.297431717165126, 0.13186142810326168, 0.032018185886217576, 0.0], "precisionList": [0.0048810995947870415, 0.03509041018719784, 0.09076893269928754, 0.17242700112265488, 0.2568769325320188, 0.34009571532852, 0.4011326727762597, 0.4531888972316352, 0.49861606484745336, 0.5276175531513766, 0.5552978928336927, 0.5833450228750459, 0.6051896481852548, 0.6248722553641078, 0.6427347503844788, 0.6552509523511306, 0.6674341144666541, 0.6747250617563584, 0.6826520505619365, 0.6912647121116092, 0.7023064952963631, 0.7092396575298482, 0.7154095810076603, 0.7214026243423016, 0.7289792295634943, 0.736239468380853, 0.7461294199032592, 0.7515883717763451, 0.7613235808105281, 0.7672757655023426, 0.7751584765894961, 0.780535868644033, 0.7884428073003602, 0.792479356417072, 0.7957898437493546, 0.80106568768878, 0.8065419621791085, 0.8109933574246769, 0.8143028195716764, 0.816606828733661, 0.8191219407198962, 0.8211695650479597, 0.8233203687921504, 0.8258153787721904, 0.8273167743341686, 0.8280860872367478, 0.8289013005780147, 0.8315764913782638, 0.8338856408488134, 0.8358586408292128, 0.8393696910179919], "fpsList": [9.127630709926638, 5.5603153910459895, 9.250497346759516, 8.8385221837938, 8.16358315823805, 10.852069140989146], "fps": 8.632102988458856}