{"name": "OV", "desc": "Out-of-View - some portion of the target leaves the view.", "tracker": "MDResGaNet_3L_1", "evalType": "OPE", "seqs": ["Biker", "Bird1", "Box", "ClifBar", "DragonBaby", "Dudek", "Human6", "Ironman", "Liquor", "Panda", "Tiger2"], "overlap": 65.45176557786404, "error": 3.4901076629354915, "overlapScores": [0.7384573376177973, 0.5783541012520953, 0.6212522517249781, 0.503699531892673, 0.7328830090031511, 0.8004564387977556, 0.5513119462147676, 0.5951025516043693, 0.8457176713832802, 0.6558991429694057, 0.5765602311047717], "errorNum": [5.28169014084507, 6.985294117647058, 6.795865633074936, 5.529661016949152, 1.1504424778761062, 0.0, 3.9520202020202024, 4.337349397590361, 0.18954623779437105, 1.32, 2.8493150684931505], "successRateList": [0.8106537385542487, 0.8071100129809633, 0.806116735056431, 0.8023282396315298, 0.7944100967930269, 0.7862558689322344, 0.7771524441490644, 0.7601621550385534, 0.736852437761522, 0.7032757651130978, 0.6501710518882691, 0.596688642590487, 0.5336330372066983, 0.45926851637116495, 0.38814383703223404, 0.30771818407774565, 0.2030666988108295, 0.10605393032846022, 0.04209887849790614, 0.014970164382282242, 0.0], "precisionList": [0.011785684208873288, 0.03689714090173148, 0.10151219870516016, 0.1861803833465857, 0.2565383981736034, 0.331502741355963, 0.3871907269949666, 0.45084587572184814, 0.49302001204910756, 0.5321670961563031, 0.5704323468179333, 0.5980736986991353, 0.6236816227784563, 0.6449244656295352, 0.6572663192564163, 0.6711970870656757, 0.6860983001867896, 0.7005398658640126, 0.7114189675052961, 0.7212268122085124, 0.7354925199934623, 0.7433408753830073, 0.7483804029749397, 0.757420952187871, 0.763780572723444, 0.7684609596190878, 0.7721480953962007, 0.7767526420862133, 0.7800449586227282, 0.7832649376907693, 0.787847821032024, 0.7906437027280127, 0.7944420929408754, 0.7966747073109562, 0.7991696090957533, 0.7999300285154508, 0.8037117861692399, 0.8049696911967515, 0.8054810446139584, 0.8061266798279628, 0.8085457925892747, 0.8085457925892747, 0.8094404938057695, 0.8111356486758489, 0.8118960680955464, 0.8121778531013667, 0.8124074215127532, 0.8127609207041114, 0.813213305514785, 0.8134623715172755, 0.8137594087123063], "fpsList": [2.116886074120048, 1.3385064297906306, 2.1206094391283536, 2.1212240505016617, 1.965847944589074, 1.9666184082173315, 2.0070262966248755, 2.131832575280473, 1.9444547927214935, 1.96149776743882, 1.9397786926665372], "fps": 1.9649347700981181}