{"name": "OV", "desc": "Out-of-View - some portion of the target leaves the view.", "tracker": "MDNet", "evalType": "OPE", "seqs": ["Dudek", "Ironman", "Lemming", "Liquor", "Suv", "Tiger2"], "overlap": 67.24104736009008, "error": 2.2706090651952677, "overlapScores": [0.8520985074979885, 0.2213104146276203, 0.7461581017893022, 0.8110675754033271, 0.8166031871230625, 0.5872250551641036], "errorNum": [0.0, 9.698795180722891, 0.23203592814371257, 0.27570361860999426, 0.21164021164021163, 3.205479452054795], "successRateList": [0.8839637700716709, 0.8689035291078154, 0.8596910176864688, 0.8552766154715833, 0.8500130462245351, 0.844030405794823, 0.8361649562870044, 0.828278868497895, 0.8156299285496506, 0.7961148236890528, 0.7729390934804733, 0.7532692969638974, 0.7156638454390967, 0.6729231752987651, 0.618692713483417, 0.5327250077036493, 0.4051940836414518, 0.2897859356403374, 0.13887581430027054, 0.03821770125048742, 0.0], "precisionList": [0.004903235834743517, 0.03629521535473886, 0.1118343124747787, 0.20855256324378837, 0.2808360714771014, 0.36171634731482594, 0.4182932244643038, 0.46751776530168265, 0.5049947091239569, 0.5338358075403223, 0.5688996567633203, 0.5922326839635251, 0.6121707879848296, 0.6367717732766959, 0.6609293021720565, 0.6845438044656662, 0.705909129864913, 0.7197553433236646, 0.7307646778736442, 0.7404781160751944, 0.7483960639084407, 0.7556631879767076, 0.7639174493833846, 0.7704914541230874, 0.7789102906835809, 0.7894232121886987, 0.7973437224996345, 0.804107997402039, 0.8110414558024214, 0.8152099032650281, 0.8207475379948829, 0.8254039050816431, 0.8297990415558468, 0.8335957317834102, 0.8365738836027187, 0.8419508106498452, 0.8432509038972444, 0.8458662681861556, 0.8466599104445481, 0.8497110858294583, 0.8506243278385908, 0.8513790067661479, 0.8517948780802881, 0.8540084077170779, 0.8589393452842543, 0.8617583101324818, 0.8644932741721331, 0.8676988958783692, 0.8690771634396324, 0.8702267399114585, 0.8702267399114585], "fpsList": [2.3936042073351453, 2.4525548218662294, 2.4487933521347265, 2.2383771792444835, 2.4184597216423573, 2.564833397864031], "fps": 2.4194371133478287}