{"name": "OV", "desc": "Out-of-View - some portion of the target leaves the view.", "tracker": "RoialMDNet_4", "evalType": "OPE", "seqs": ["Biker", "Bird1", "Box", "ClifBar", "DragonBaby", "Dudek", "Human6", "Ironman", "Liquor", "Panda", "Tiger2"], "overlap": 57.145342268214506, "error": 5.781872532989412, "overlapScores": [0.6780195718732528, 0.5556731961835117, 0.7935538837613543, 0.45957527470857185, 0.661014689626387, 0.8479502073641372, 0.3316320108963402, 0.252047887568612, 0.7971903225362059, 0.404441790739271, 0.5048888142459521], "errorNum": [5.070422535211268, 9.142156862745098, 6.072351421188631, 6.2076271186440675, 6.72566371681416, 0.0, 7.702020202020202, 9.698795180722891, 0.4595060310166571, 7.069999999999999, 5.4520547945205475], "successRateList": [0.6782418244324476, 0.6733141055358659, 0.6664823830701996, 0.6352558082957768, 0.5988402928976722, 0.5687482701677944, 0.5448967169686407, 0.5087395789842298, 0.47599470834423746, 0.4447783420235295, 0.4216309285192407, 0.3916292289128506, 0.3681741535176783, 0.34510997905986107, 0.308270049895019, 0.25601251455934143, 0.18969391699855287, 0.1208992121411927, 0.052311130356411176, 0.011154452006561151, 0.0], "precisionList": [0.009234938600655827, 0.02902145208438881, 0.0704126049421039, 0.12356252110568024, 0.15894854772536024, 0.2032374186637842, 0.2351615161544732, 0.27473481931530197, 0.308077769999382, 0.3466482135236897, 0.3858639108104376, 0.4175715457698877, 0.4518398619479751, 0.47358065073614314, 0.4922454752042897, 0.5066787733190264, 0.5223357229668519, 0.5311728329817831, 0.5399545763874006, 0.5474751717429894, 0.5524574864066281, 0.5568490291878155, 0.5643351552310819, 0.5709675897212299, 0.5768898053321105, 0.5825923348339409, 0.5877155171591039, 0.5929830293743342, 0.5973968796162402, 0.6055588564614081, 0.6130036298073128, 0.620824157992589, 0.6277022675828419, 0.635435726946388, 0.6423120161017781, 0.648900877963663, 0.6547839882899625, 0.6599353422529942, 0.663890972133928, 0.6674247175780587, 0.6698361248436626, 0.6727402920243745, 0.6766782216013794, 0.6779885730560367, 0.6806952102784415, 0.6813054578726994, 0.6847818784560941, 0.6856671241870327, 0.685781908392726, 0.6861195089977064, 0.6870414988690837], "fpsList": [5.59904164344274, 5.556489925666352, 8.777313972644585, 8.346066472414435, 5.159750933086455, 9.118116383318142, 8.330546134009026, 5.069255222080263, 8.526155774625305, 9.014708980752815, 8.107270820682722], "fps": 7.41861056933844}