{"name": "OV", "desc": "Out-of-View - some portion of the target leaves the view.", "tracker": "RoialMDNet", "evalType": "OPE", "seqs": ["Dudek", "Ironman", "Lemming", "Liquor", "Suv", "Tiger2"], "overlap": 61.88002987962906, "error": 3.0703306649272584, "overlapScores": [0.8323450035840471, 0.5873948907342346, 0.6908125253925814, 0.6032311533638776, 0.5260943309559934, 0.47292388874701], "errorNum": [0.008733624454148471, 4.27710843373494, 1.7215568862275448, 1.694428489373923, 4.857142857142857, 5.863013698630137], "successRateList": [0.9584861807872537, 0.9493367098530484, 0.94382731859121, 0.940546373659644, 0.9361672512450666, 0.9119775450544526, 0.8533476072243081, 0.8212906889937903, 0.7794368263157095, 0.7444309087156556, 0.6926141998212073, 0.6372638277020848, 0.5655356522718102, 0.4851034584314298, 0.4012602946498858, 0.3172423517256522, 0.22770766906145803, 0.14737629624453974, 0.0610189372506628, 0.006969750540784384, 0.0], "precisionList": [0.00470725611767905, 0.01859002450005402, 0.04492536938114288, 0.10303315837496013, 0.1629799631345528, 0.2326064989519309, 0.2893680768130164, 0.3559069001669763, 0.41261296264678804, 0.46120539230310836, 0.4983750372653815, 0.5319852573998017, 0.5725073529444522, 0.6185986146851734, 0.6464547916269658, 0.6736193184500081, 0.7005665387147584, 0.7292990047557478, 0.7535583814973349, 0.7729405322874457, 0.7955402569920733, 0.8153208783359172, 0.8318316887550173, 0.8465755158718323, 0.8569749754847483, 0.8661090245595471, 0.8765557187085121, 0.8834853401567605, 0.8922917389781571, 0.8998853493117042, 0.9058481404696689, 0.9115716873439821, 0.9174919781184073, 0.9214265657475654, 0.9239950271654874, 0.9274950783950677, 0.9294405484922871, 0.9326209795187309, 0.933910104325885, 0.9352949595561678, 0.9367747840352716, 0.9401111214350149, 0.9423544323219853, 0.9443597846110081, 0.9460291729874094, 0.9464034244844153, 0.9476627680413885, 0.9484023529657223, 0.9486934737808607, 0.9486934737808607, 0.9508470663169438], "fpsList": [9.571739906164552, 7.038032962811535, 10.226206778104412, 9.37201811329573, 9.716095295702198, 8.593117800001567], "fps": 9.086201809346665}