{"name": "LR", "desc": "Low Resolution - the number of pixels inside the ground-truth bounding box is less than tr (tr =400).", "tracker": "RoialMDNet_5", "evalType": "OPE", "seqs": ["Deer", "Ironman", "MotorRolling", "Walking2"], "overlap": 54.911779074638375, "error": 5.198903908316192, "overlapScores": [0.7639137984546588, 0.19032297590568262, 0.5558740867952615, 0.6863603018299321], "errorNum": [0.0, 9.879518072289157, 4.7560975609756095, 6.16], "successRateList": [0.6413762856303262, 0.6167732882750514, 0.6042431677931237, 0.5972311196003526, 0.5937311196003526, 0.5897250955039671, 0.5791154863355863, 0.5685058771672054, 0.5547863649720834, 0.5197253893623274, 0.48010960916838086, 0.4724876579488686, 0.45067384826147605, 0.41566491662286387, 0.3504869708997447, 0.250174191786038, 0.1616475686324825, 0.07721197948785868, 0.028597058105317184, 0.0125759313447538, 0.0], "precisionList": [0.007551541100851361, 0.029051541100851362, 0.08621197948785869, 0.13038425705570478, 0.18011665142190197, 0.23044660676370893, 0.28531881562664263, 0.32210978093066184, 0.34381623919242754, 0.37009586818590057, 0.3918023264476663, 0.40294540442774185, 0.41666491662286387, 0.43036606267046884, 0.44608231138225174, 0.4521798723578615, 0.46027416985013225, 0.4648473405818395, 0.47399368204525416, 0.48668880399647374, 0.4927863649720835, 0.5024327064354981, 0.5146278283867176, 0.5222314134587129, 0.5268045841904202, 0.5318593887746106, 0.5394813399941228, 0.5409873640905084, 0.5470849250661182, 0.5485909491625037, 0.553164119894211, 0.5546885101381135, 0.5577189244784014, 0.5602433147223038, 0.5602433147223038, 0.5617677049662063, 0.5688468997942991, 0.572895680282104, 0.5744200705260065, 0.5784504848662945, 0.5789504848662944, 0.5824992653540993, 0.5829992653540993, 0.5834992653540994, 0.5839992653540993, 0.5839992653540993, 0.5860052894504849, 0.5930661181310609, 0.5955721422274464, 0.6006085806641199, 0.6031146047605054], "fpsList": [7.695328884188932, 5.523769414804394, 5.13636298910185, 9.21445192708381], "fps": 6.892478303794746}