{"name": "OV", "desc": "Out-of-View - some portion of the target leaves the view.", "tracker": "RoialMDNet_5", "evalType": "OPE", "seqs": ["Dudek", "Ironman", "Lemming", "Liquor", "Suv", "Tiger2"], "overlap": 63.133995263975976, "error": 3.0878927397708384, "overlapScores": [0.8399537054793493, 0.19032297590568262, 0.6462848536958424, 0.770371807299392, 0.8029104213474468, 0.538195952110845], "errorNum": [0.034934497816593885, 9.879518072289157, 2.9266467065868262, 0.4939689833429064, 0.37037037037037035, 4.821917808219178], "successRateList": [0.857429718875502, 0.8479451101879932, 0.8407939575738653, 0.835027238014849, 0.8299845232535187, 0.8172558394582601, 0.7914657679803091, 0.7647430043186456, 0.7384004270394581, 0.7119878145680043, 0.691210726022916, 0.6739459230413454, 0.6516488448140055, 0.6252675619827273, 0.5810150160322785, 0.5041708444703374, 0.38481885278522193, 0.2523619357484425, 0.0954791059370007, 0.015352545813878828, 0.0], "precisionList": [0.003231278808429702, 0.023025469724887143, 0.07497650858106138, 0.14217761863057435, 0.21678761979294583, 0.29735347789523847, 0.36027885594240844, 0.4230014561689401, 0.4630710403416389, 0.5028767831002038, 0.5304197796170306, 0.54891928866987, 0.5710268428938631, 0.5918396766196427, 0.6086312613758919, 0.6274989329350493, 0.6406212791402196, 0.6527114005995438, 0.6600180921871281, 0.6698466320943428, 0.6804445381760723, 0.6872727917292956, 0.6973237559040565, 0.7069886283778906, 0.7163120578680227, 0.7256870825861722, 0.7358682081956524, 0.744024646213016, 0.7559295350378443, 0.7630140057401636, 0.7684528023351187, 0.7772643128050706, 0.7850939221127309, 0.7901762709721382, 0.7965173411359806, 0.8015917277022516, 0.8086634436047354, 0.8140771496695697, 0.8175031521482646, 0.8220810293435227, 0.8257431719046536, 0.8290535041783612, 0.8326831604883081, 0.834547232991315, 0.8356907973909001, 0.8368959213894783, 0.8386692503563143, 0.841227900824868, 0.8430220397002713, 0.8453003827353566, 0.8464291492986155], "fpsList": [11.075942720281107, 5.523769414804394, 8.175676066176871, 8.809727550139243, 6.037280713024541, 5.33264776534517], "fps": 7.492507371628555}