{"name": "LR", "desc": "Low Resolution - the number of pixels inside the ground-truth bounding box is less than tr (tr =400).", "tracker": "RTMDNet", "evalType": "OPE", "seqs": ["Deer", "Ironman", "MotorRolling", "Walking2"], "overlap": 68.75112036014983, "error": 2.150431971789598, "overlapScores": [0.7524649361254261, 0.6374346927543145, 0.5491545790658804, 0.8109906064603724], "errorNum": [0.0, 4.578313253012048, 3.963414634146342, 0.06], "successRateList": [0.8927600646488393, 0.8867359682632971, 0.880693505730238, 0.877681457537467, 0.877681457537467, 0.8700595063179548, 0.8579194828092859, 0.8472854833970027, 0.8366514839847194, 0.8219503379371144, 0.7849568028210403, 0.7346946811636791, 0.7059211611130196, 0.6367763510241584, 0.5359687599591082, 0.3972270635272109, 0.253638026513474, 0.11972097320922301, 0.04761818486588056, 0.012551541100851361, 0.0], "precisionList": [0.015057565197236902, 0.06159676424695691, 0.17172343996390924, 0.2859374226552379, 0.35869730105582065, 0.43555954977588124, 0.47176542032092644, 0.510534965006022, 0.5680295431123326, 0.6012719369404792, 0.6426177068286889, 0.6800129690869283, 0.704768207836499, 0.7174265974926846, 0.7371916266922723, 0.7503407287687335, 0.7553955333529239, 0.7665111666176903, 0.7726087275933, 0.7802123126652953, 0.7908646782250954, 0.8015354099324126, 0.8075778724654716, 0.8197729944166912, 0.8243277990008816, 0.8243277990008816, 0.8258521892447841, 0.8273765794886865, 0.8304253599764914, 0.8334741404642962, 0.8334741404642962, 0.8349985307081986, 0.8380473111960036, 0.8410777255362916, 0.842602115780194, 0.8441081398765795, 0.8486629444607698, 0.8501873347046723, 0.8532361151924772, 0.8532361151924772, 0.8562665295327652, 0.8562665295327652, 0.8592969438730532, 0.8592969438730532, 0.8608213341169557, 0.8638701146047605, 0.8638701146047605, 0.8638701146047605, 0.865376138701146, 0.8699125771378196, 0.8759917719659124], "fpsList": [10.228461958951248, 8.192662897010809, 8.585841640038813, 7.886518271702692], "fps": 8.72337119192589}