{"name": "OV", "desc": "Out-of-View - some portion of the target leaves the view.", "tracker": "RTMDNet", "evalType": "OPE", "seqs": ["Dudek", "Ironman", "Lemming", "Liquor", "Suv", "Tiger2"], "overlap": 67.46070595105948, "error": 2.6470338713311614, "overlapScores": [0.8430508284673406, 0.6374346927543145, 0.7584664801710398, 0.5001818706111438, 0.8133564176132406, 0.4951520674464893], "errorNum": [0.0, 4.578313253012048, 0.4416167664670659, 5.2153934520390575, 0.22222222222222224, 5.424657534246576], "successRateList": [0.9453044804144781, 0.94128841615745, 0.938276367964679, 0.935996238570003, 0.9280504954959156, 0.9064535949593298, 0.880277726870137, 0.8346308148844739, 0.7991175714891479, 0.7644082225996169, 0.7352966128668839, 0.7026475959743784, 0.6584639984611004, 0.6044401185669451, 0.5543667975262991, 0.4789265033920451, 0.36009659948946576, 0.20200963797307123, 0.0758001517153344, 0.013909345510882548, 0.0], "precisionList": [0.004854677272788884, 0.028338936816991483, 0.07458641961787361, 0.15402185405923802, 0.22579453707803285, 0.3050621433910619, 0.3599397817896069, 0.41933020352107225, 0.47227009745958864, 0.5097805539133097, 0.5551679103473979, 0.5935212629885759, 0.6236199304766574, 0.6608337112412186, 0.6882843593486921, 0.7125236037244238, 0.7347088499250504, 0.7551785864221334, 0.7669693788262629, 0.7777401696982129, 0.7913891529114516, 0.806012237218182, 0.8177871390655492, 0.8253669550318289, 0.8339724138257053, 0.8433125153481411, 0.8519554662096206, 0.8598837799315969, 0.869131312236588, 0.8761238894679133, 0.8819187964508912, 0.8883954913233943, 0.895250010412085, 0.9030143931709844, 0.9053199394033985, 0.9089323521297601, 0.9144959993733887, 0.9197393113457476, 0.924090191217541, 0.9257321514974016, 0.9291907936488878, 0.9314331489812931, 0.9334959674622517, 0.9346505003020816, 0.9352526817142169, 0.9360104200608187, 0.9366434079084184, 0.9381090013452456, 0.9391130174095025, 0.9411210495380166, 0.9421250656022737], "fpsList": [11.840568820119987, 8.192662897010809, 10.749690117135033, 11.538468421941257, 9.191733805655351, 12.803552141306861], "fps": 10.71944603386155}