{"name": "LR", "desc": "Low Resolution - the number of pixels inside the ground-truth bounding box is less than tr (tr =400).", "tracker": "RoialMDNet_6c", "evalType": "OPE", "seqs": ["Biker", "Box", "Car1", "Deer", "Ironman", "MotorRolling", "Panda", "RedTeam", "Surfer", "Walking2"], "overlap": 65.49947653820534, "error": 3.4046155658083017, "overlapScores": [0.696695289090932, 0.7623399145840863, 0.7391234898223445, 0.7428688868060188, 0.49402072748231723, 0.5545762736124727, 0.35454389829205074, 0.6977032313961634, 0.7413393571051182, 0.7667365856290297], "errorNum": [5.28169014084507, 6.020671834625323, 0.049019607843137254, 0.14084507042253522, 8.433734939759036, 4.451219512195122, 8.48, 0.7559958289885298, 0.13297872340425532, 0.3], "successRateList": [0.8085373953113774, 0.8036319855586713, 0.8024271662815629, 0.7993163059387833, 0.789701730564114, 0.7688975052120013, 0.743533863366203, 0.723939373562843, 0.7025104220488595, 0.6885312804822408, 0.6590754406998339, 0.6298114979789965, 0.5857127720882215, 0.5076777985879838, 0.4130211116950937, 0.30848622578947327, 0.19799433939622396, 0.10228613375952453, 0.03276156441253596, 0.009306075410162854, 0.0], "precisionList": [0.014310462895160418, 0.0626391362529882, 0.18826976349588337, 0.32989665978643623, 0.4279778175549132, 0.4983167144294461, 0.5441748328916239, 0.5825321156581673, 0.6133813462067386, 0.6499708948120235, 0.6768929712331975, 0.7066388615819477, 0.7239220079700447, 0.7366390384519963, 0.7443244447237901, 0.74985686971427, 0.7543906000980855, 0.7585863208015332, 0.762265764510699, 0.7635714093500929, 0.7673013856617177, 0.7693029192429449, 0.770722431438067, 0.7738573445701439, 0.7756866128628269, 0.7790215259949039, 0.7804142936298429, 0.7830533180200868, 0.7850752398537632, 0.786294752048885, 0.7881240203415679, 0.7895361860776832, 0.7913654543703661, 0.79380447876061, 0.794414234858171, 0.795616644496725, 0.7968288102328402, 0.7986507320665165, 0.7992604881640775, 0.8000604881640774, 0.8006702442616385, 0.8020824099977537, 0.8022824099977537, 0.8022824099977537, 0.8022824099977537, 0.8028848196363079, 0.8041043318314298, 0.8055127825356552, 0.8061225386332161, 0.8067249482717704, 0.8079371140078855], "fpsList": [6.2456502034821275, 9.719594173759916, 10.323475396905454, 6.58817618106258, 6.579216088665095, 6.407229061891418, 9.469443629367715, 8.85120791828541, 9.308596056727001, 9.355023918732298], "fps": 8.284761262887901}