{"name": "OV", "desc": "Out-of-View - some portion of the target leaves the view.", "tracker": "MDResGaNet_3L_2", "evalType": "OPE", "seqs": ["Dudek", "Ironman", "Lemming", "Liquor", "Suv", "Tiger2"], "overlap": 71.27078815551764, "error": 1.7754951147593694, "overlapScores": [0.7622519958079841, 0.6188821771058142, 0.7629215923788876, 0.8224559531309166, 0.8160192812151608, 0.4937162896922952], "errorNum": [0.296943231441048, 4.578313253012048, 0.5164670658682634, 0.17231476163124643, 0.3492063492063492, 4.739726027397261], "successRateList": [0.9467601611152975, 0.9429387582318931, 0.9397404304600809, 0.9316681038406619, 0.9200941872842652, 0.9088702156220432, 0.8943260487114856, 0.8766237901974279, 0.8641815068853033, 0.8440697849015888, 0.822450488524063, 0.7961026296686945, 0.7579263380901917, 0.7085618098297567, 0.6375854163236129, 0.5527806435014462, 0.3912544694046478, 0.21733322602015515, 0.09486506213666325, 0.0179573234688331, 0.0], "precisionList": [0.006012270946654415, 0.031187131662947346, 0.09977735739227035, 0.18906129165189142, 0.26500351684991935, 0.3444712358368054, 0.40719403325830145, 0.4663952433159196, 0.5185738644208072, 0.5682534849619943, 0.6157323515829475, 0.6536715655009159, 0.6862721768608173, 0.7115021887687215, 0.7406788306679924, 0.7640229406388217, 0.777880206309062, 0.7936214543454246, 0.8034678071071091, 0.8127083090983608, 0.8210832792319508, 0.831021520394433, 0.8412923399648511, 0.8513463351232099, 0.857553271710962, 0.8650407646969999, 0.8692504252204749, 0.8722864228112721, 0.8759487187940103, 0.8811721442564459, 0.8868164811919151, 0.8910351615717077, 0.8957503496855458, 0.9010695055711099, 0.9054337463584717, 0.9099693976208632, 0.9126683739578344, 0.914765222154606, 0.9156784641637384, 0.9211990546694749, 0.9212947850926034, 0.9226489889459968, 0.9246619774425145, 0.9264884614607795, 0.9275688349603556, 0.9303219219033211, 0.9319122658391503, 0.9324936373427185, 0.9331417191935417, 0.9358948061365071, 0.9381863157069027], "fpsList": [1.97259123293961, 2.203085167081335, 1.9882194469531653, 2.0161981403482057, 2.0393870323918124, 2.009423213995573], "fps": 2.0381507056182833}