{"name": "OV", "desc": "Out-of-View - some portion of the target leaves the view.", "tracker": "MDResGaNet_3L", "evalType": "OPE", "seqs": ["Biker", "Bird1", "Box", "ClifBar", "DragonBaby", "Dudek", "Human6", "Ironman", "Liquor", "Panda", "Tiger2"], "overlap": 63.677678801979944, "error": 3.5495602033166858, "overlapScores": [0.795537225096749, 0.5949136520765156, 0.5993481275556435, 0.4929756312892044, 0.7076903804725329, 0.7901658398805087, 0.5121646595645871, 0.5646953811348848, 0.8245117388806219, 0.5983803304059718, 0.5241617018605741], "errorNum": [5.140845070422535, 6.936274509803921, 3.1093884582256677, 5.741525423728814, 1.1504424778761062, 0.017467248908296942, 5.1010101010101, 5.120481927710844, 0.2125215393452039, 2.5700000000000003, 3.9452054794520546], "successRateList": [0.8633089790605172, 0.8582071558583237, 0.853703109527499, 0.8473326333503777, 0.8409097634615069, 0.8286328776002757, 0.8160405413299242, 0.7872003849726678, 0.751360757387684, 0.7009802199543477, 0.6447055566787455, 0.5907329164257621, 0.5287139604626193, 0.4578381767351751, 0.3774301871990231, 0.29349333443101044, 0.19095184442327143, 0.08771471950039036, 0.03308814440978718, 0.01119022865888271, 0.0], "precisionList": [0.010486338704059394, 0.04010957554642457, 0.11019154076944965, 0.1807405717156289, 0.24618877707276549, 0.31703451217670664, 0.3748050409134406, 0.4376355313603241, 0.496673046181167, 0.5392962676843123, 0.5825698864682084, 0.6213488597085097, 0.6507130689411403, 0.6733964065559095, 0.68872826912901, 0.702218462785697, 0.7160007613685618, 0.7256163124596022, 0.7361178061529716, 0.7461801643788296, 0.7535178367031894, 0.7618968678415261, 0.7701017843474424, 0.7766951056309968, 0.7829240972495044, 0.7890260687324301, 0.7957514038737007, 0.8036175573373678, 0.8070262153482485, 0.8115675828667139, 0.8167713216370028, 0.8223192810111416, 0.827911604799051, 0.8316353313470063, 0.8352543358377418, 0.8384588495276447, 0.8425212328774143, 0.8461553197952907, 0.8472431076213628, 0.8503024486497658, 0.8521517152205585, 0.8535873358502166, 0.8542329710642208, 0.8557901016123676, 0.8567565170144001, 0.8572351514282773, 0.8581292062476051, 0.8587943390527133, 0.8603077531835371, 0.8606047903785679, 0.862499976533395], "fpsList": [1.9714981098064333, 2.166351791195206, 1.9319220694968147, 2.069924186552066, 1.870525281609046, 1.88423326354945, 1.9107736804183924, 2.0844491097085283, 1.9054062866746964, 1.8714576883722511, 1.8537017284028696], "fps": 1.9563857450714321}