{"name": "OV", "desc": "Out-of-View - some portion of the target leaves the view.", "tracker": "RTMDNet", "evalType": "OPE", "seqs": ["Biker", "Bird1", "Box", "ClifBar", "DragonBaby", "Dudek", "Human6", "Ironman", "Liquor", "Panda", "Tiger2"], "overlap": 57.04023655075437, "error": 4.836795851793499, "overlapScores": [0.7036213754181471, 0.13606497764137604, 0.7520790152160175, 0.47096455517697555, 0.6300268851425362, 0.8430508284673406, 0.7680531086647792, 0.6374346927543145, 0.5001818706111438, 0.3377966440438605, 0.4951520674464893], "errorNum": [5.563380281690141, 9.730392156862745, 6.020671834625323, 6.080508474576272, 1.858407079646018, 0.0, 0.30303030303030304, 4.578313253012048, 5.2153934520390575, 8.43, 5.424657534246576], "successRateList": [0.7946482931964602, 0.7733837690861992, 0.7612956348452724, 0.7515809205304184, 0.735292916752071, 0.7039421300563392, 0.664383991703269, 0.6175783348271223, 0.5787973195768689, 0.5445164974893026, 0.5159352068083235, 0.4821264011676112, 0.4373705920393467, 0.38503790606329297, 0.3294735477889912, 0.2598736514700753, 0.18062935861906912, 0.09801725535247831, 0.03868558360241613, 0.00970496053640888, 0.0], "precisionList": [0.009722574237707247, 0.028882704323415033, 0.06939245064742769, 0.12327482825429348, 0.16703379196899862, 0.2185047284515557, 0.2618216875215033, 0.3193613714334286, 0.3688727480133506, 0.41842384354002177, 0.4670774292140582, 0.5075300738988577, 0.5405071039771391, 0.5718842526197491, 0.5974267066691413, 0.6165004838067456, 0.6337212510730487, 0.6513227034676157, 0.66229286081088, 0.6696766328778502, 0.6807892721479477, 0.6911650064991098, 0.6984238128801293, 0.7026194923355339, 0.7093495978683596, 0.716348362050377, 0.7220417444659725, 0.726829723142609, 0.7332598935920897, 0.7391263137673767, 0.7417344861347342, 0.7464960595725578, 0.7505372842963265, 0.7566244643581913, 0.7586439257641743, 0.7610147831418526, 0.7645983836504407, 0.7691103669288946, 0.7717972996218871, 0.7736702127365191, 0.776448010416296, 0.7787670604680272, 0.7811121598196482, 0.7832542843042106, 0.7843421051814183, 0.7857961622712529, 0.7867136774716045, 0.7890318086510504, 0.790217690581746, 0.7915357972329499, 0.7921743514498172], "fpsList": [7.146994301135511, 6.544115618647226, 11.245564377814066, 11.320690548852507, 10.122247042520662, 11.840568820119987, 10.451581283753768, 8.192662897010809, 11.538468421941257, 13.26215216772031, 12.803552141306861], "fps": 10.406236147347542}