{"name": "LR", "desc": "Low Resolution - the number of pixels inside the ground-truth bounding box is less than tr (tr =400).", "tracker": "MDResGaNet", "evalType": "OPE", "seqs": ["Biker", "Box", "Car1", "Deer", "Ironman", "MotorRolling", "Panda", "RedTeam", "Surfer", "Walking2"], "overlap": 69.86255675285298, "error": 2.1193337386911404, "overlapScores": [0.7471121159171207, 0.7037269965888562, 0.7688253885727011, 0.7597896382420501, 0.6166127874333683, 0.5865427171897917, 0.6475281106401638, 0.6808271249616483, 0.6976946439365773, 0.7775961518030208], "errorNum": [5.352112676056338, 6.02928509905254, 0.00980392156862745, 0.0, 3.6746987951807233, 3.7195121951219514, 1.18, 0.8289885297184567, 0.39893617021276595, 0.0], "successRateList": [0.8708607037971007, 0.8689516591678794, 0.8676714601654044, 0.8659947622315848, 0.8640078783037985, 0.8609428683149029, 0.8602404586763488, 0.8553783097474608, 0.8451350922100195, 0.8141713147103568, 0.7871357051804279, 0.742345920360432, 0.6756411400196496, 0.5925224004682114, 0.4780465510527356, 0.34359831066413504, 0.21518856999912678, 0.1087987192490671, 0.04134689763394788, 0.012543670264087245, 0.0], "precisionList": [0.015706039915107002, 0.07915155264335519, 0.21881427729269326, 0.3737335498560256, 0.4870971717047777, 0.5894850754607222, 0.6521533752706632, 0.7023581537491642, 0.7429724287537038, 0.7625768697605144, 0.7738643346631127, 0.7852703687103161, 0.7960674012692068, 0.8096733148303231, 0.8155972629305255, 0.8225329935144859, 0.8266936330474713, 0.8314566822190109, 0.8371119051004939, 0.8391060922227144, 0.8410206675973839, 0.8441547551671752, 0.8473684544845177, 0.8497927859567481, 0.8522244638879852, 0.8534366296241004, 0.8559609610963308, 0.8565707171938918, 0.857782882930007, 0.8603090301157958, 0.8609187862133568, 0.8609187862133568, 0.8615285423109178, 0.8627480545060398, 0.8646717920532744, 0.8646717920532744, 0.8658913042483963, 0.8665010603459574, 0.8665010603459574, 0.8671108164435182, 0.8671108164435182, 0.8677205725410794, 0.8689400847362012, 0.8713644162084316, 0.8713644162084316, 0.8720603049502648, 0.8738748803249342, 0.875188861774608, 0.875188861774608, 0.875188861774608, 0.8765028432242815], "fpsList": [1.9491268579064893, 2.147760924564335, 2.0368156719396047, 1.7418683096795553, 2.1416751557972944, 1.8897968676327248, 1.976024968410143, 1.9772851009588233, 1.965354484132507, 1.9732392579613913], "fps": 1.979894759898287}