{"name": "LR", "desc": "Low Resolution - the number of pixels inside the ground-truth bounding box is less than tr (tr =400).", "tracker": "RoialMDNet_6", "evalType": "OPE", "seqs": ["Biker", "Box", "Car1", "Deer", "Ironman", "MotorRolling", "Panda", "RedTeam", "Surfer", "Walking2"], "overlap": 64.87502977434222, "error": 3.331336841593168, "overlapScores": [0.8293884034557335, 0.7954726803430041, 0.7237213606544683, 0.7610637123645422, 0.14061881379905192, 0.5476003990940478, 0.433930216330275, 0.7153481972882436, 0.7365488524599645, 0.8038103416448901], "errorNum": [5.070422535211268, 6.02928509905254, 0.0784313725490196, 0.0, 9.819277108433734, 4.634146341463415, 6.86, 0.5422314911366006, 0.15957446808510636, 0.12], "successRateList": [0.8006860554969609, 0.7910475012800936, 0.7884443836225977, 0.7873443836225977, 0.7811824898816583, 0.7709041551178465, 0.7562523548019758, 0.7397050672310813, 0.7143092865652455, 0.6853691240626352, 0.6656714253297343, 0.6404977489779553, 0.5943821066737126, 0.5415031500526197, 0.45402518660563124, 0.3624280284781382, 0.2432067044474458, 0.12756751163638874, 0.044355310994787865, 0.012942111348948487, 0.0], "precisionList": [0.013170231823195993, 0.06135639434801891, 0.20060272616660574, 0.3491546273746797, 0.4428114099567594, 0.5167418270024172, 0.5517182928006366, 0.5923929260120385, 0.6172902539615887, 0.6448759620945664, 0.6739434548746298, 0.7050874928909985, 0.7192155784354198, 0.7284721306176329, 0.7364392405522981, 0.7403602863286475, 0.7427479525541469, 0.7454869769443909, 0.7481982666231791, 0.751347047110984, 0.7552055836963498, 0.7582543641841547, 0.7619129007695207, 0.7640421690622036, 0.7659575699991586, 0.7666673260967196, 0.7678868382918415, 0.7692008197415152, 0.770520331936637, 0.7717398441317591, 0.773569112424442, 0.7747886246195639, 0.7760081368146861, 0.7766178929122469, 0.7772276490098079, 0.7796666734000517, 0.7802690830386061, 0.7814885952337279, 0.7816885952337279, 0.7822983513312889, 0.7822983513312889, 0.7824983513312889, 0.7824983513312889, 0.7824983513312889, 0.78310810742885, 0.7837178635264108, 0.7843276196239719, 0.7855324389010804, 0.7867372581781888, 0.7897786922069868, 0.7928054333177714], "fpsList": [6.412635896654942, 8.930869733034063, 9.935299665340422, 7.047229586005329, 5.5603153910459895, 7.116949030296791, 9.650163933450097, 9.573381572209529, 9.25364726474676, 8.822289186644271], "fps": 8.23027812594282}