{"name": "OV", "desc": "Out-of-View - some portion of the target leaves the view.", "tracker": "RoialMDNet_6", "evalType": "OPE", "seqs": ["Biker", "Bird1", "Box", "ClifBar", "DragonBaby", "Dudek", "Human6", "Ironman", "Liquor", "Panda", "Tiger2"], "overlap": 60.2274529371824, "error": 5.220522565088584, "overlapScores": [0.8293884034557335, 0.651484600731861, 0.7954726803430041, 0.530536041781716, 0.6198437023434532, 0.8495235360802392, 0.3600876340419929, 0.14061881379905192, 0.826423929810054, 0.433930216330275, 0.5877102643726833], "errorNum": [5.070422535211268, 9.950980392156863, 6.02928509905254, 5.338983050847458, 2.47787610619469, 0.0, 7.866161616161617, 9.819277108433734, 0.39632395175186674, 6.86, 3.616438356164384], "successRateList": [0.7295984508472437, 0.7196976220023716, 0.7151276068247717, 0.7016598448215254, 0.685176523079811, 0.6686004591460845, 0.6432305290236641, 0.6093768648676522, 0.5579649775521294, 0.511741245195541, 0.4778568344002325, 0.4458649544038514, 0.4151329336280204, 0.38410645680389277, 0.34120962042900166, 0.29987999564040907, 0.23286174645701357, 0.1491515588605606, 0.06583563133022352, 0.016196044455602413, 0.0], "precisionList": [0.0104025130350877, 0.03256493887264902, 0.08559346963191379, 0.1442289925704012, 0.19011147732176256, 0.24336922480480558, 0.2855815735623345, 0.3304879369568993, 0.3715516100428165, 0.40995160725369856, 0.45151631049262875, 0.49161547450192306, 0.5238197094600978, 0.552027149660968, 0.5763061902009001, 0.5932243855417988, 0.6129098338514555, 0.6260782764650298, 0.6380094329480385, 0.6486437249792638, 0.6594171476075025, 0.6666547808887596, 0.6712981414316022, 0.6749834452544127, 0.6794408348359103, 0.6837607718906011, 0.6890729888638023, 0.6920761719002612, 0.6967854083822732, 0.6999687903688367, 0.7035199479678177, 0.7056648803691504, 0.7093141237418039, 0.7112715427643518, 0.7122792985161679, 0.7135638254898122, 0.714793432395566, 0.7159170641840157, 0.7164293565472675, 0.7167801871222086, 0.7169389802941022, 0.7169389802941022, 0.7172674428825396, 0.7172674428825396, 0.7176100658292475, 0.7178042466208876, 0.7181314962090419, 0.7193583996413392, 0.720453689893256, 0.7210535516136481, 0.7226964869915233], "fpsList": [6.412635896654942, 5.961171340697324, 8.930869733034063, 9.003878048785037, 7.206788118007822, 9.127630709926638, 8.378089477914811, 5.5603153910459895, 8.8385221837938, 9.650163933450097, 10.852069140989146], "fps": 8.17473945220906}