{"name": "OV", "desc": "Out-of-View - some portion of the target leaves the view.", "tracker": "RoialMDNet_6c", "evalType": "OPE", "seqs": ["Biker", "Bird1", "Box", "ClifBar", "DragonBaby", "Dudek", "Human6", "Ironman", "Liquor", "Panda", "Tiger2"], "overlap": 55.82138405011331, "error": 5.456881022418321, "overlapScores": [0.696695289090932, 0.2660380873409461, 0.7623399145840863, 0.4713539774728217, 0.6752266460693994, 0.8358226766375199, 0.6826061623505761, 0.49402072748231723, 0.377936289223607, 0.35454389829205074, 0.5237685769682079], "errorNum": [5.28169014084507, 9.681372549019608, 6.020671834625323, 6.25, 3.6283185840707963, 0.008733624454148471, 0.4797979797979798, 8.433734939759036, 6.72027570361861, 8.48, 5.0410958904109595], "successRateList": [0.7239393949813302, 0.7129189167748069, 0.6787408278082675, 0.6716756945222788, 0.6484385318866933, 0.6119815432004851, 0.5772254549075281, 0.5467519755907652, 0.5151280837953192, 0.4821310011204179, 0.45431189775816794, 0.4249077986641412, 0.3934141053829188, 0.3362302711558499, 0.27930008905951875, 0.21689827109462068, 0.1536417204229732, 0.09230170643172735, 0.03581291306495092, 0.008139495261758358, 0.0], "precisionList": [0.010047415196951003, 0.029564010047799474, 0.07189548185376488, 0.12348988229571409, 0.1619952514855793, 0.21233316028042398, 0.2549351696734226, 0.3006877603195738, 0.3468665223674154, 0.38790816060263505, 0.43630914323333586, 0.4749899101581434, 0.5020982944417006, 0.5236445303317127, 0.5424569809359, 0.5597076515609649, 0.5697180051684817, 0.5795794895886606, 0.5862340857127085, 0.5932027582768891, 0.6068020197888094, 0.6226569211231211, 0.6338102029991449, 0.6429474222316686, 0.6518768233400444, 0.6618088383276475, 0.6708117985346728, 0.6783825190423617, 0.6845877707699859, 0.6892707374492658, 0.6934905545828258, 0.698058455030337, 0.7006269851289697, 0.7027659344638816, 0.7049275343972711, 0.7084658283401315, 0.7118860759474067, 0.7153449050186697, 0.7178628275874779, 0.7195163819386776, 0.7231188205079644, 0.7242531322413938, 0.726448131233581, 0.728335378228718, 0.7302498052153681, 0.7323807461231222, 0.733678940506345, 0.7352908718957877, 0.7353430884902213, 0.7382599314179467, 0.7401966915340608], "fpsList": [6.2456502034821275, 5.53190847266691, 9.719594173759916, 10.076203066445085, 3.7703022786512204, 8.437949947718382, 9.019995180413384, 6.579216088665095, 8.623131317295412, 9.469443629367715, 9.365513643489686], "fps": 7.894446181995904}