{"name": "LR", "desc": "Low Resolution - the number of pixels inside the ground-truth bounding box is less than tr (tr =400).", "tracker": "MDResNet_2L", "evalType": "OPE", "seqs": ["Deer", "Ironman", "MotorRolling", "Walking2"], "overlap": 55.27181279414122, "error": 3.9725337419758042, "overlapScores": [0.6088598624324961, 0.5049330090713966, 0.3954962902156941, 0.7015833500460616], "errorNum": [1.6901408450704225, 5.120481927710844, 8.71951219512195, 0.36], "successRateList": [0.7842161328239788, 0.7554547458125184, 0.7438942109903026, 0.7322969438730532, 0.7121204819277109, 0.6949256538348516, 0.6807888938095219, 0.6697436706634163, 0.6611768178864548, 0.6334369756594223, 0.6027466258024196, 0.5575231858385103, 0.46200949245280676, 0.3802077785549619, 0.2547482627176518, 0.1620514707403989, 0.0802812990195064, 0.03616340801198611, 0.011063589293622444, 0.007051541100851362, 0.0], "precisionList": [0.00805154110085136, 0.020578691957800283, 0.04612391510390584, 0.09122067935086275, 0.16538655411753506, 0.259070501173364, 0.328676050129753, 0.3798300857155865, 0.4200297231523138, 0.45569865239039287, 0.4763165433979132, 0.4999281164506877, 0.5346458261765716, 0.5492396207985497, 0.5688698538572015, 0.5829636484791796, 0.5965758092486746, 0.6121847065348305, 0.615705833295394, 0.6217666619759699, 0.6293089154970966, 0.63333004225766, 0.6383755592621259, 0.6464147583118458, 0.6509328306010025, 0.6584750841221292, 0.6635298887063197, 0.6650359128027051, 0.6680479609954763, 0.6695539850918618, 0.6725843994321498, 0.6796175743854842, 0.6806175743854843, 0.6831419646293866, 0.6886691154863356, 0.6896691154863356, 0.6921751395827211, 0.6926751395827211, 0.6991992359682633, 0.7007052600646488, 0.7022112841610344, 0.709759770790479, 0.712790185130767, 0.7173633558624742, 0.7204121363502791, 0.7219365265941815, 0.7234425506905671, 0.7249485747869526, 0.7249485747869526, 0.7249485747869526, 0.7264545988833382], "fpsList": [2.3144719157906466, 2.7539601257609334, 2.7819521619520615, 2.6163624123844733], "fps": 2.6166866539720286}