{"name": "LR", "desc": "Low Resolution - the number of pixels inside the ground-truth bounding box is less than tr (tr =400).", "tracker": "RoialMDNet_3", "evalType": "OPE", "seqs": ["Biker", "Box", "Car1", "Deer", "Ironman", "MotorRolling", "Panda", "RedTeam", "Surfer", "Walking2"], "overlap": 61.624025007274305, "error": 3.6721781885226235, "overlapScores": [0.6305596390794596, 0.7965846782795429, 0.7217184555932211, 0.7328323803972208, 0.2140461669360114, 0.564439983984527, 0.34466758636748296, 0.6386252040158574, 0.7441909297918626, 0.7747374762822449], "errorNum": [5.704225352112676, 6.063738156761413, 0.0392156862745098, 0.14084507042253522, 9.397590361445783, 3.7804878048780486, 8.09, 2.9927007299270074, 0.13297872340425532, 0.38], "successRateList": [0.8255702998616179, 0.8103027124387558, 0.8012670442420943, 0.7879404206746538, 0.7735258452999844, 0.7531996995237351, 0.7346406203575573, 0.7212452329718223, 0.6933956424823409, 0.655403887440591, 0.6325798666452944, 0.6034413559655399, 0.5630405790086013, 0.4920339508258902, 0.3986127449433929, 0.29467772066935416, 0.17593833178874038, 0.09836030368556321, 0.033126025676355045, 0.009440474063830463, 0.0], "precisionList": [0.01546908052151883, 0.06317802566332845, 0.18911038518428888, 0.3308718836759473, 0.43210128336642717, 0.49660871283312175, 0.5408478594257564, 0.5817716486206007, 0.6159399125817775, 0.6541086135224284, 0.6886637757148981, 0.7138669983394192, 0.7295402207449213, 0.7383013491122129, 0.7434861309698382, 0.7522849998199546, 0.7577159157878107, 0.7600897146575823, 0.7613880130379698, 0.7639919562577513, 0.7652114684528731, 0.7670333902865494, 0.7682529024816713, 0.7700821707743541, 0.7715016829694762, 0.7736023909884178, 0.7760340689196549, 0.776643825017216, 0.7798668510961106, 0.7798668510961106, 0.7800668510961106, 0.7801529837403829, 0.7813724959355047, 0.7838041738667418, 0.7848139299643029, 0.7865181553164156, 0.7893424867886459, 0.7911570621633153, 0.7950155987486813, 0.7964204180257897, 0.7972228276643438, 0.8000471591365743, 0.8012519784136828, 0.8024641441497978, 0.8030739002473588, 0.8030739002473588, 0.8048811291630216, 0.8068957045376909, 0.8081078702738062, 0.8087102799123602, 0.8087102799123602], "fpsList": [6.557444561632184, 9.893501007468336, 10.6657441714784, 7.843759889625231, 7.977811913745585, 7.866749428505865, 9.53071426246704, 10.394459199989953, 9.881715687145595, 9.705285225387408], "fps": 9.03171853474456}