{"name": "OV", "desc": "Out-of-View - some portion of the target leaves the view.", "tracker": "RoialMDNet_3", "evalType": "OPE", "seqs": ["Biker", "Bird1", "Box", "ClifBar", "DragonBaby", "Dudek", "Human6", "Ironman", "Liquor", "Panda", "Tiger2"], "overlap": 57.876228627119495, "error": 5.217356742778366, "overlapScores": [0.6305596390794596, 0.5164434787852508, 0.7965846782795429, 0.4625328414427798, 0.616255173468408, 0.8425528921320816, 0.5912529463769938, 0.2140461669360114, 0.8160479663041555, 0.34466758636748296, 0.5354417798109787], "errorNum": [5.704225352112676, 9.754901960784313, 6.063738156761413, 8.072033898305085, 2.566371681415929, 0.0, 2.73989898989899, 9.397590361445783, 0.34462952326249285, 8.09, 4.657534246575342], "successRateList": [0.7121403868054218, 0.6962759998827122, 0.6876773615339654, 0.6756988646173998, 0.6594487093222046, 0.6368844284738939, 0.6139113167784801, 0.5820254329935738, 0.5463414122448019, 0.5097557344872324, 0.4780717217160001, 0.4439386424756169, 0.40074971544419746, 0.3608741373199533, 0.3113049560314325, 0.26002259938658734, 0.18625401917154713, 0.11142555577590203, 0.044700470218503145, 0.010434385100325272, 0.0], "precisionList": [0.009444326042392632, 0.025489244927444966, 0.07187746414718608, 0.1243158435198488, 0.16455785274070545, 0.21079011201611236, 0.24606219289846534, 0.2922266441608137, 0.34162185173446025, 0.39078283984264445, 0.43524044541442736, 0.4781158243379309, 0.5017858436175235, 0.5246478556652998, 0.5449124135349593, 0.5632688934097312, 0.5796652856287072, 0.5954510991210379, 0.604858866040433, 0.6148980073177636, 0.6214092517717534, 0.6279933786427772, 0.6323305602215037, 0.6386608041692953, 0.6430465587597642, 0.6514237352614628, 0.6557199139762949, 0.6600038365242509, 0.6635855413991807, 0.6676352361636279, 0.6715049782167758, 0.6734176309658946, 0.6766929477313567, 0.6791156680551302, 0.681367177033923, 0.6832678026585131, 0.6863271970385949, 0.6889047940605223, 0.6895595758488048, 0.690956148697646, 0.6920618248234284, 0.6940138368990628, 0.6951091271509795, 0.6957612054658053, 0.6959282062659323, 0.6960429904716257, 0.6977381424439345, 0.6990782532964483, 0.7000679322162544, 0.7006155773422127, 0.70153486677719], "fpsList": [6.557444561632184, 6.289939638926679, 9.893501007468336, 9.680969423385402, 7.28195611231015, 9.349439020780316, 9.709972037325635, 7.977811913745585, 10.02491888388371, 9.53071426246704, 9.721432356514951], "fps": 8.728918110767273}