{"name": "LR", "desc": "Low Resolution - the number of pixels inside the ground-truth bounding box is less than tr (tr =400).", "tracker": "RTMDNet", "evalType": "OPE", "seqs": ["Deer", "Ironman", "MotorRolling", "Walking2"], "overlap": 66.43056423797515, "error": 2.2974243314722305, "overlapScores": [0.7766724680725274, 0.4840727638873442, 0.6186932615506444, 0.7777840760084896], "errorNum": [0.0, 6.2048192771084345, 2.804878048780488, 0.18], "successRateList": [0.9246987951807228, 0.9126506024096386, 0.9051204819277109, 0.8930722891566265, 0.8855421686746988, 0.8765060240963856, 0.8709879518072289, 0.8659515133705553, 0.8396103438142816, 0.7980863943579195, 0.7702575668527769, 0.7530811049074346, 0.7162495167892456, 0.6491624809095538, 0.5543810349608671, 0.3998033963404287, 0.24445702424952298, 0.11898733925740751, 0.047211979487858685, 0.010551541100851361, 0.0], "precisionList": [0.010551541100851361, 0.06510002773029597, 0.178821000939519, 0.3066935429798893, 0.3831455737067128, 0.4561916929138746, 0.5162324999068759, 0.5470150985253277, 0.5768251418590886, 0.6378439011973693, 0.6846954013236043, 0.7189958632192803, 0.7341846672157541, 0.7584861348520154, 0.7746563636890399, 0.7918602703496914, 0.8035126359094916, 0.8101101968851014, 0.8162077578607112, 0.82834778136938, 0.8344269761974727, 0.8425489274169851, 0.8476037320011753, 0.8536829268292683, 0.8597437555098444, 0.8708410226270937, 0.8769385836027035, 0.8774385836027034, 0.8855054363796651, 0.8855054363796651, 0.8855054363796651, 0.8870114604760505, 0.8885174845724361, 0.8915295327652072, 0.8915295327652072, 0.8990963855421686, 0.9021084337349398, 0.9021084337349398, 0.9051204819277109, 0.9066265060240963, 0.9081325301204819, 0.9081325301204819, 0.9096385542168675, 0.9126506024096386, 0.9171686746987951, 0.9186746987951807, 0.9186746987951807, 0.9201807228915663, 0.9216867469879518, 0.9262048192771084, 0.9292168674698795], "fpsList": [10.132051853602677, 9.249574804588127, 11.458864980650066, 13.322391680177983], "fps": 11.040720829754713}