{"name": "OV", "desc": "Out-of-View - some portion of the target leaves the view.", "tracker": "RTMDNet", "evalType": "OPE", "seqs": ["Dudek", "Ironman", "Lemming", "Liquor", "Suv", "Tiger2"], "overlap": 63.06246817687333, "error": 3.282019562196544, "overlapScores": [0.8364954668191811, 0.4840727638873442, 0.7371521885019203, 0.3821372367784474, 0.7524088755103877, 0.5914815591151195], "errorNum": [0.0, 6.2048192771084345, 1.4446107784431137, 7.748420448018381, 0.8148148148148149, 3.4794520547945207], "successRateList": [0.9471386001384224, 0.9376804428768747, 0.9306448572661039, 0.9121880402304798, 0.8895837500600031, 0.8575460001861761, 0.8123637843935952, 0.7738476709087792, 0.7398409408340695, 0.7064014006607692, 0.6717980437803456, 0.6480171212552899, 0.619476401232912, 0.5759931986579326, 0.5197437214781738, 0.4217680106175459, 0.31263967069817095, 0.19130821792079847, 0.07370315425290552, 0.014333766566588748, 0.0], "precisionList": [0.004507006498597047, 0.02836082817687374, 0.07524921524973917, 0.1388039398898385, 0.1993598198454576, 0.2713408681603113, 0.3368459043702241, 0.40025857838651646, 0.4436536408502388, 0.4795955190285925, 0.515210251102807, 0.5501388403583567, 0.5724082125560511, 0.5900923442153223, 0.604326657562199, 0.6217093707333288, 0.6373964675180113, 0.6515185707941582, 0.6651542089693312, 0.6836749943501023, 0.7040650600092927, 0.721951960942299, 0.7395718047680367, 0.754435652051828, 0.7684118933126661, 0.7926086493784861, 0.8160944014160583, 0.8339867855968125, 0.8490551174365177, 0.8610794376157079, 0.8714974374158522, 0.8820594698144624, 0.8924225391018815, 0.9010314918912101, 0.9059881149960267, 0.9120217760937345, 0.9165687861938544, 0.9187724274845858, 0.9218595600532223, 0.9241133274952916, 0.9258745167490686, 0.927535041964695, 0.92918540679212, 0.9322330627297845, 0.9355903423436879, 0.9370428225171404, 0.9372191893601739, 0.9388179378435675, 0.940247821748862, 0.9434803508637635, 0.9457088639144079], "fpsList": [14.985243609890862, 9.249574804588127, 15.080405401603171, 13.272612675180218, 14.574380042290743, 12.93893808329173], "fps": 13.350192436140809}