{"name": "LR", "desc": "Low Resolution - the number of pixels inside the ground-truth bounding box is less than tr (tr =400).", "tracker": "RoialMDNet", "evalType": "OPE", "seqs": ["Biker", "Box", "Car1", "Deer", "Ironman", "MotorRolling", "Panda", "RedTeam", "Surfer", "Walking2"], "overlap": 66.23768200859483, "error": 3.162917862549838, "overlapScores": [0.729896609500213, 0.7266463222186477, 0.6988680982183211, 0.7265726353199223, 0.5873948907342346, 0.6438422378305731, 0.3559489597569693, 0.7263572520243784, 0.6305564640368412, 0.7976847312193819], "errorNum": [5.211267605633802, 6.080964685615848, 0.20588235294117646, 0.14084507042253522, 4.27710843373494, 5.975609756097561, 7.94, 0.28154327424400416, 1.5159574468085109, 0.0], "successRateList": [0.8206096523232909, 0.8163854383944045, 0.812565218180341, 0.8023464174535588, 0.7891440078150047, 0.7742586557164184, 0.759325891214018, 0.745879850898539, 0.7294722259987446, 0.7119655822345375, 0.682559290234006, 0.6396456288507577, 0.5768299599465928, 0.5016603563890424, 0.4060273750746742, 0.28711263141679255, 0.18471884353855086, 0.09502163081671397, 0.03599358312243737, 0.01113367792130866, 0.0], "precisionList": [0.01410878987001069, 0.06051360421120964, 0.16906163503029886, 0.29791220272027774, 0.4054877822097812, 0.48336668120688947, 0.5324402103554017, 0.5867846658864802, 0.6333729375093197, 0.6823723411370921, 0.720635116681872, 0.7374230358821775, 0.758186658526754, 0.7686607056508501, 0.7767928329845286, 0.7864646904983976, 0.7903767777314699, 0.7956957614761923, 0.7978788871075162, 0.7984812967460704, 0.7985674293903425, 0.8006406157528136, 0.8013291580356402, 0.803222519595575, 0.803308652239847, 0.803308652239847, 0.8057182907940639, 0.8069231100711726, 0.8082140619925531, 0.8101231066217742, 0.8101231066217742, 0.8115315573259995, 0.8127363766031079, 0.8139411958802164, 0.8139411958802164, 0.8145436055187705, 0.8145436055187705, 0.8157631177138924, 0.8157631177138924, 0.8157631177138924, 0.8157631177138924, 0.8163655273524467, 0.816967936991001, 0.8175776930885619, 0.8181801027271162, 0.8181801027271162, 0.8181801027271162, 0.8181801027271162, 0.8181801027271162, 0.8181801027271162, 0.8193849220042246], "fpsList": [8.09336093904273, 7.4717410992664695, 10.175377540929869, 6.975343971772908, 7.038032962811535, 6.620284034580752, 9.903215737990426, 9.832877660559953, 9.498571276766828, 9.851109093891326], "fps": 8.54599143176128}