{"name": "OV", "desc": "Out-of-View - some portion of the target leaves the view.", "tracker": "RoialMDNet", "evalType": "OPE", "seqs": ["Biker", "Bird1", "Box", "ClifBar", "DragonBaby", "Dudek", "Human6", "Ironman", "Liquor", "Panda", "Tiger2"], "overlap": 55.281201734690825, "error": 5.247043636838461, "overlapScores": [0.729896609500213, 0.2221101545692082, 0.7266463222186477, 0.4722951161193093, 0.7223129376276716, 0.8323450035840471, 0.3558271545948022, 0.5873948907342346, 0.6032311533638776, 0.3559489597569693, 0.47292388874701], "errorNum": [5.211267605633802, 9.852941176470589, 6.080964685615848, 7.98728813559322, 0.9734513274336283, 0.008733624454148471, 7.828282828282829, 4.27710843373494, 1.694428489373923, 7.94, 5.863013698630137], "successRateList": [0.7440891967252466, 0.7351946903395294, 0.7286727829841801, 0.7162120998273356, 0.6767174909083029, 0.6349583321938514, 0.6005010082583744, 0.5711548628870406, 0.5419877673425819, 0.5159922545101512, 0.47483030503726337, 0.4297930418719217, 0.3817023882016821, 0.32759855069598004, 0.27187118856703524, 0.2089979686871143, 0.13573418123992476, 0.07991785970862847, 0.03561848143355964, 0.0077767153799535756, 0.0], "precisionList": [0.01053797220275921, 0.030845503511004114, 0.07023157966898658, 0.12682936198678427, 0.1807837533678935, 0.23568971722067414, 0.28267724746649864, 0.3384493447434878, 0.38432308573385593, 0.4225356971299916, 0.45531419327946043, 0.4774135370096235, 0.49730554445422115, 0.5172451513921891, 0.5283283078911272, 0.5450802731410987, 0.5611175380015894, 0.5792524997848069, 0.5924857929734869, 0.6033476052747687, 0.6165682354976056, 0.6281728705743131, 0.6373076609511986, 0.6447423375487386, 0.6502125087529715, 0.656367543573693, 0.6616001203186296, 0.6650061796658105, 0.6703922542629086, 0.6754282959700126, 0.6791361042309473, 0.6832641672445704, 0.6890330485467805, 0.6946623337000118, 0.6971682691350104, 0.7034654588524574, 0.7076228988034514, 0.7123674190801365, 0.7176779974840293, 0.7229057522403636, 0.7282055137311133, 0.7344652589822144, 0.7391349564394202, 0.7443032259191322, 0.748642246726572, 0.7527137100226343, 0.7559456076458932, 0.757942696273891, 0.7593136472789883, 0.76133925090887, 0.7636415237673677], "fpsList": [8.09336093904273, 6.193292384021629, 7.4717410992664695, 9.852313047111988, 7.804180287436647, 9.571739906164552, 8.609073323771293, 7.038032962811535, 9.37201811329573, 9.903215737990426, 8.593117800001567], "fps": 8.409280509174051}