{"name": "LR", "desc": "Low Resolution - the number of pixels inside the ground-truth bounding box is less than tr (tr =400).", "tracker": "MDResNet", "evalType": "OPE", "seqs": ["Biker", "Box", "Car1", "Deer", "Ironman", "MotorRolling", "Panda", "RedTeam", "Surfer", "Walking2"], "overlap": 61.220623931954, "error": 3.2024352336183264, "overlapScores": [0.6234648355146095, 0.5179131209572837, 0.5120610744930704, 0.7031388497793714, 0.5980198182830667, 0.5662921638773764, 0.5561622683399964, 0.6415652312903242, 0.6359779930564337, 0.7674670376038669], "errorNum": [6.47887323943662, 4.995693367786391, 6.803921568627452, 0.28169014084507044, 2.6506024096385543, 3.7195121951219514, 3.92, 1.1991657977059438, 1.9148936170212765, 0.06], "successRateList": [0.9225212866484712, 0.9209205340107454, 0.9185908212068753, 0.9155223869102829, 0.9150095610500116, 0.9116515019095704, 0.9032150635453358, 0.8894091297478435, 0.8435136350931043, 0.7543710958585588, 0.6787446922733531, 0.5961982771717798, 0.50946070349088, 0.4210381136726945, 0.3134612389688989, 0.19447854694470307, 0.10879490160595093, 0.04751965907724345, 0.01930066442331685, 0.007488758244591337, 0.0], "precisionList": [0.01192058320585137, 0.03949378353428131, 0.11058836434621341, 0.20592096906591567, 0.30884842242648547, 0.40209746618420744, 0.47761359784311513, 0.5546284679149152, 0.6050000462068993, 0.6403263405432753, 0.676216283436255, 0.6964895428549743, 0.7127246423095872, 0.7317179737191897, 0.7433780408249819, 0.7560914550827316, 0.7665478586175041, 0.7786251001026578, 0.7887125178190442, 0.7981140696672229, 0.8068935070847367, 0.8152089407703411, 0.8201518809795093, 0.8268528143440885, 0.8328159306904851, 0.8406242631420351, 0.8464459671107875, 0.8521744986671956, 0.8568820761155191, 0.862767396427923, 0.8677211529030355, 0.874333878810279, 0.8806279151772369, 0.8869778952196729, 0.8919918038751782, 0.8963599297301712, 0.8997378370158561, 0.9028694659951236, 0.9060246950622343, 0.9094026023479189, 0.9118143163875401, 0.9140537651386167, 0.9160467225282909, 0.9181995197637443, 0.9207041940352934, 0.9233339782918779, 0.924747820314475, 0.9282660017831306, 0.9298153516373278, 0.9325309562035711, 0.933775790564145], "fpsList": [2.0533122082204738, 2.182193788250153, 2.2506723561248125, 1.9432577294809659, 2.134634785169801, 2.0267837012077767, 2.1285406762080905, 2.1345626652326857, 2.124937247108889, 2.1722072766422658], "fps": 2.115110243364591}