{"name": "OV", "desc": "Out-of-View - some portion of the target leaves the view.", "tracker": "MDResNet", "evalType": "OPE", "seqs": ["Biker", "Bird1", "Box", "ClifBar", "DragonBaby", "Dudek", "Human6", "Ironman", "Liquor", "Panda", "Tiger2"], "overlap": 61.19789733984159, "error": 3.8435293567243978, "overlapScores": [0.6234648355146095, 0.6641088879512458, 0.5179131209572837, 0.3983209436473545, 0.7022793233845686, 0.6122778055460897, 0.6163358472827277, 0.5980198182830667, 0.8385677419156972, 0.5561622683399964, 0.6043181145599356], "errorNum": [6.47887323943662, 6.838235294117647, 4.995693367786391, 7.415254237288136, 1.68141592920354, 3.703056768558952, 2.4242424242424243, 2.6506024096385543, 0.03446295232624928, 3.92, 2.136986301369863], "successRateList": [0.8850028300240809, 0.8830854194031589, 0.88144518460097, 0.8770497495115687, 0.87315199321632, 0.8603951631246616, 0.8292732918181777, 0.8012582486401744, 0.7611080179448826, 0.689733243183093, 0.6149108266386226, 0.5372745766821482, 0.46175821423121804, 0.38167071335940217, 0.3040095283699571, 0.23102684106195814, 0.1559796878085009, 0.09395107444661464, 0.04253004521860014, 0.015379351019712856, 0.0], "precisionList": [0.00853877531371683, 0.02795287137740483, 0.07924629041163232, 0.1342397190880564, 0.19344555573825495, 0.2571745354132654, 0.3139542148694274, 0.37218217207113374, 0.42488852191453214, 0.46638982377861654, 0.5026463920124906, 0.5340607618055885, 0.557741971497689, 0.5875031147539367, 0.6074965817404446, 0.6236267257316395, 0.6418105722750999, 0.65778658042099, 0.6737034338474015, 0.6897952954722599, 0.7039735345550932, 0.7161399208933233, 0.7269832865826831, 0.7362871707992096, 0.7457438939085705, 0.7561753816386773, 0.7666343376119653, 0.7753529680969904, 0.7840596823421823, 0.791864219682278, 0.7992777203224205, 0.8072366124433025, 0.8159054921965935, 0.8250024573076065, 0.8319541621733616, 0.8384555639863952, 0.8438541431547069, 0.8490363173408494, 0.853924357233278, 0.8582501955956829, 0.8622679569447649, 0.8662025573419893, 0.8691865205379073, 0.8723450202494061, 0.8759827147779581, 0.8785307814807812, 0.8806521688158966, 0.8833802093794407, 0.8855055334186104, 0.8884942396061285, 0.8901449806678343], "fpsList": [2.0533122082204738, 2.270853056777164, 2.182193788250153, 2.1938844049003845, 2.0701839789493044, 2.0916863040321467, 2.1455685726144185, 2.134634785169801, 2.167713111841942, 2.1285406762080905, 2.08005922727571], "fps": 2.13805728311269}