{"name": "OV", "desc": "Out-of-View - some portion of the target leaves the view.", "tracker": "MDResGaNet", "evalType": "OPE", "seqs": ["Biker", "Bird1", "Box", "ClifBar", "DragonBaby", "Dudek", "Human6", "Ironman", "Liquor", "Panda", "Tiger2"], "overlap": 66.1070603196799, "error": 3.3944371560149063, "overlapScores": [0.7471121159171207, 0.5842596231184838, 0.7037269965888562, 0.4491643621199432, 0.6932079069301395, 0.8127439372534438, 0.5821089899889434, 0.6166127874333683, 0.7814620412864386, 0.6475281106401638, 0.6538497638878885], "errorNum": [5.352112676056338, 7.1078431372549025, 6.02928509905254, 6.461864406779662, 1.504424778761062, 0.0, 4.204545454545455, 3.6746987951807233, 0.700746697300402, 1.18, 1.1232876712328768], "successRateList": [0.805169869380731, 0.8002663573008626, 0.7970460331901184, 0.7939830349065109, 0.7890300451618791, 0.776965551859706, 0.7645729670896617, 0.7424089967415237, 0.719241913749213, 0.6882801205957724, 0.6602835571257821, 0.6178789103517122, 0.5596469298804183, 0.4812711272745448, 0.3942334492352092, 0.30454792333605557, 0.19357265376383168, 0.10550707056420351, 0.039928418857723996, 0.010637796471912538, 0.0], "precisionList": [0.010385174300312784, 0.0393763894781531, 0.10670190377962953, 0.17926768275850297, 0.24295129537564664, 0.3200161299751833, 0.3734759210165345, 0.42598871109109115, 0.4768192858993766, 0.5184417060740848, 0.5579989498457352, 0.5932916926306836, 0.6258078249416044, 0.6538840733812366, 0.6742854529829599, 0.6944229268563803, 0.7081983866306054, 0.719537433294801, 0.7291965548488949, 0.7364492457823574, 0.7435857681119475, 0.7500978739175629, 0.7545835368471838, 0.7596962655825191, 0.7642350958224384, 0.767164753597579, 0.7707152921912922, 0.7734502374287167, 0.7776831702775545, 0.7806504677244033, 0.7825565145761252, 0.783853890619066, 0.785569193677663, 0.7874772713063696, 0.7896785240094011, 0.7908216448312193, 0.791977987065263, 0.7928162262854308, 0.7948299367403596, 0.7954038577688262, 0.795993030986503, 0.7967018895822577, 0.7976747743844165, 0.7993002692474769, 0.8001598662717871, 0.8006869544816183, 0.8022242785273829, 0.8031718716047963, 0.803946896816537, 0.8047286740403773, 0.8057807003066583], "fpsList": [1.9491268579064893, 2.250846516851067, 2.147760924564335, 2.1082885204372186, 1.9108933986470726, 1.9533314508731572, 2.0323055076364756, 2.1416751557972944, 1.9752650090606032, 1.976024968410143, 1.9449894115649327], "fps": 2.035500701977163}