{"name": "LR", "desc": "Low Resolution - the number of pixels inside the ground-truth bounding box is less than tr (tr =400).", "tracker": "MDNet", "evalType": "OPE", "seqs": ["Deer", "Ironman", "MotorRolling", "Walking2"], "overlap": 67.62028305311935, "error": 1.9692212753452836, "overlapScores": [0.6949493098768649, 0.6220386659204502, 0.585898814180398, 0.8019245321470606], "errorNum": [0.0, 3.855421686746988, 3.8414634146341466, 0.18], "successRateList": [0.9367469879518072, 0.9307228915662651, 0.9262048192771084, 0.9246987951807228, 0.9226927710843373, 0.8876501616220982, 0.8801137231854246, 0.8674553335292389, 0.8339738466059359, 0.8151995298266235, 0.8030778724654717, 0.7763624204823416, 0.7179136532388573, 0.628338713148713, 0.5101943686804932, 0.3964384035627222, 0.2526618145546804, 0.12191659803073511, 0.04163676002532976, 0.014587979537524883, 0.0], "precisionList": [0.010051541100851361, 0.046590740150571366, 0.13726640536726087, 0.26060803019705064, 0.3560288498549333, 0.4460110010636845, 0.5099479291263301, 0.6082089974463294, 0.6783008426698893, 0.7127300766101161, 0.7536373870611266, 0.7936458158294463, 0.8042554249978271, 0.8387092581938885, 0.8559131648545402, 0.8711203349985307, 0.8756751395827211, 0.8863091389950044, 0.88781516309139, 0.8923516015280635, 0.8974247722597708, 0.9024979429914781, 0.9055099911842492, 0.9070343814281516, 0.908558771672054, 0.9115891860123421, 0.914637966500147, 0.914637966500147, 0.9161439905965325, 0.9161439905965325, 0.9161439905965325, 0.9176683808404349, 0.9191927710843373, 0.9191927710843373, 0.9196927710843372, 0.9196927710843372, 0.9232048192771084, 0.9237048192771085, 0.9237048192771085, 0.9242048192771084, 0.926710843373494, 0.9307228915662651, 0.9307228915662651, 0.9307228915662651, 0.9307228915662651, 0.9307228915662651, 0.9307228915662651, 0.9307228915662651, 0.9307228915662651, 0.9307228915662651, 0.9307228915662651], "fpsList": [2.5314919677960543, 2.779056158032441, 2.6488057877249958, 2.8436513554502825], "fps": 2.700751317250943}