{"name": "OV", "desc": "Out-of-View - some portion of the target leaves the view.", "tracker": "RoialMDNet_2", "evalType": "OPE", "seqs": ["Dudek", "Ironman", "Lemming", "Liquor", "Suv", "Tiger2"], "overlap": 66.02398403990465, "error": 3.06369925855334, "overlapScores": [0.8412924683927258, 0.2517752438985603, 0.7713798672671645, 0.7830256534531849, 0.7990507006357614, 0.5149151087468824], "errorNum": [0.0, 9.518072289156626, 2.589820359281437, 0.45376220562894887, 0.42328042328042326, 5.397260273972603], "successRateList": [0.8337159743888437, 0.822991774711724, 0.8165224147443532, 0.8094401173006099, 0.8045189679298201, 0.7994921526469123, 0.787141761390791, 0.7634915654454787, 0.7387560623855682, 0.7144342341817004, 0.693630074144666, 0.6746020500840868, 0.6544300415296721, 0.6262737295030801, 0.575442165281163, 0.5050324943738629, 0.411663850193464, 0.25983412523041466, 0.09629790519578574, 0.017484804655937485, 0.0], "precisionList": [0.002451509350751845, 0.025543109180407617, 0.08092282506563162, 0.15058425749553628, 0.2251671484248434, 0.2980356877412535, 0.3588796441851679, 0.41311932398051904, 0.46062265320159107, 0.4940995325828921, 0.5254444467916601, 0.5505400535479664, 0.5719477459377772, 0.59439810567828, 0.6117590345196801, 0.6288171288285378, 0.6454875146889527, 0.6617182242998217, 0.6719768089557382, 0.682354374933377, 0.6926568795784146, 0.6980669215234628, 0.7041054551982852, 0.7152200675683832, 0.7223544378858611, 0.7286873126042117, 0.7394048811919199, 0.7477348908662252, 0.753697847981059, 0.760303007180068, 0.769086818926327, 0.7782959530575648, 0.7821973434129029, 0.7870534544861852, 0.7907834343664937, 0.7933288345088475, 0.7978544892443417, 0.8007949507922686, 0.8060662346802592, 0.8082116398020176, 0.8114032248462353, 0.8127531480780751, 0.8140482849574705, 0.8152437618679845, 0.8155448792100201, 0.8165488952742771, 0.8176776618375361, 0.8186816779017931, 0.8188580447448266, 0.8188580447448266, 0.8198620608090836], "fpsList": [4.3099728454227595, 4.699582119549583, 4.523164909676292, 4.370746559927032, 4.658033143996558, 4.2449833089230955], "fps": 4.467747147915887}