{"name": "LR", "desc": "Low Resolution - the number of pixels inside the ground-truth bounding box is less than tr (tr =400).", "tracker": "MDResNet_3L", "evalType": "OPE", "seqs": ["Deer", "Ironman", "MotorRolling", "Walking2"], "overlap": 61.91742192651788, "error": 2.355742219996441, "overlapScores": [0.6709042276354206, 0.5862008997501252, 0.46949587421730143, 0.750095875457868], "errorNum": [0.5633802816901409, 3.433734939759036, 5.365853658536586, 0.06], "successRateList": [0.9653614457831325, 0.9623493975903614, 0.9578313253012049, 0.9532948868645312, 0.9334961798413165, 0.8999779606229797, 0.868057596238613, 0.838259685944051, 0.8231076142426111, 0.7891721471940665, 0.7629013877564534, 0.7155401820266294, 0.6202689052327481, 0.5080511810208888, 0.3733886794170843, 0.2548509268954899, 0.1450206383762463, 0.05727577779341343, 0.01360032158865624, 0.007051541100851362, 0.0], "precisionList": [0.007051541100851362, 0.014578691957800285, 0.04419934357836706, 0.09990195064007318, 0.184182746789287, 0.27346375195043315, 0.349178198192978, 0.441583203304458, 0.49431061863393116, 0.5575675274095351, 0.5896885970539665, 0.6279098641215497, 0.6490310186124091, 0.6763692185437042, 0.6950824127840802, 0.7228715383692104, 0.7324534938103496, 0.75518455132795, 0.7683152872568944, 0.7809460231858385, 0.7946288030859266, 0.8123419973263027, 0.8219332403471669, 0.8284757028802259, 0.8345548977083186, 0.8406340925364115, 0.8589267754632408, 0.8700514872957994, 0.8791794626116972, 0.8807038528555997, 0.8898501943190142, 0.9009932722990899, 0.9055664430307971, 0.914694418346695, 0.9212459594475463, 0.9227703496914488, 0.9258191301792537, 0.9319166911548634, 0.9349471054951514, 0.9364714957390537, 0.9410446664707611, 0.947123861298854, 0.9486482515427563, 0.9501542756391419, 0.9516786658830443, 0.9532030561269468, 0.9532030561269468, 0.9532030561269468, 0.9532030561269468, 0.9532030561269468, 0.9532030561269468], "fpsList": [1.95260652083863, 2.191385600564738, 2.1098254513255363, 2.171294188191435], "fps": 2.106277940230085}