{"name": "OV", "desc": "Out-of-View - some portion of the target leaves the view.", "tracker": "MDResNet_3L", "evalType": "OPE", "seqs": ["Dudek", "Ironman", "Lemming", "Liquor", "Suv", "Tiger2"], "overlap": 70.33569316906033, "error": 1.6674830792102682, "overlapScores": [0.8092545736520468, 0.5862008997501252, 0.7181829820411639, 0.8305843666789117, 0.7296949741829438, 0.5462237938384288], "errorNum": [0.0, 3.433734939759036, 0.6661676646706587, 0.051694428489373924, 1.1957671957671958, 4.657534246575342], "successRateList": [0.9654437857249102, 0.9625539193812286, 0.9581309364441895, 0.9541606966009316, 0.9499985841759425, 0.9437837423905105, 0.929060415087795, 0.915304514788156, 0.8931289831024403, 0.8683943712169467, 0.8332516920789731, 0.7949464110715599, 0.7477098131619696, 0.681153827745823, 0.6023032291736746, 0.48565199812082005, 0.35561045497726607, 0.1980920890999115, 0.06209410399249659, 0.008325064717035847, 0.0], "precisionList": [0.003229492448838859, 0.02107069250209982, 0.06915946655061361, 0.12498154183997594, 0.1865964378989189, 0.2512964383337902, 0.30842712060802807, 0.37459178367369855, 0.4409124491485372, 0.5006250273471152, 0.5622833882192173, 0.6099708110994145, 0.6592087521555637, 0.6972485615529022, 0.7343182051305899, 0.7650329261407629, 0.783979115269227, 0.8004618927683537, 0.8169768531860052, 0.8269422276931216, 0.8377750865159728, 0.8534115150324629, 0.8671890736511528, 0.8762725033537332, 0.8825809395418931, 0.8913339981246233, 0.8974665809918637, 0.9012519961725878, 0.9066943105778211, 0.9113920531717628, 0.9143713369422025, 0.919223005169595, 0.9242661342432442, 0.929003189606854, 0.931833689689376, 0.9335046700451101, 0.9371087847677787, 0.9382407746113866, 0.9422241277180188, 0.9441753622352858, 0.9460668235131502, 0.949042937275177, 0.9512952891344794, 0.9533889140509021, 0.9545951165066994, 0.9570156783136646, 0.9597134519336349, 0.9620806643089134, 0.9638763951636494, 0.9654858691923262, 0.9667645511726577], "fpsList": [2.1909900346602837, 2.191385600564738, 2.120176762575877, 1.4555371221802453, 2.0237142092128653, 2.1750619101677175], "fps": 2.0261442732269543}