{"name": "LR", "desc": "Low Resolution - the number of pixels inside the ground-truth bounding box is less than tr (tr =400).", "tracker": "RoialMDNet_3", "evalType": "OPE", "seqs": ["Deer", "Ironman", "MotorRolling", "Walking2"], "overlap": 57.1514001900001, "error": 3.4247308091865922, "overlapScores": [0.7328323803972208, 0.2140461669360114, 0.564439983984527, 0.7747374762822449], "errorNum": [0.14084507042253522, 9.397590361445783, 3.7804878048780486, 0.38], "successRateList": [0.8418491037320012, 0.8036801351748457, 0.7876015280634734, 0.7735349691448721, 0.7674985307081986, 0.7629864825154276, 0.7513708492506612, 0.7447732882750514, 0.7057279181997658, 0.6742768456167507, 0.6575269190813409, 0.6417830166423164, 0.6073075538153989, 0.5387060423073262, 0.4314169415552971, 0.3227611283333265, 0.18759469068303442, 0.11326954468509559, 0.03759705810531718, 0.012551541100851361, 0.0], "precisionList": [0.017051541100851362, 0.06559981871836366, 0.17426075997566354, 0.2634760029468613, 0.3318612657431512, 0.36461324100938275, 0.4124617715106389, 0.46137418516387774, 0.49470535525820214, 0.5376091932139413, 0.57503190018749, 0.5947416219325947, 0.614923689950458, 0.625594421657775, 0.6347223969736728, 0.6524170160545997, 0.6635877477619168, 0.6686609184936241, 0.6716913328339121, 0.677770527662005, 0.6808193081498097, 0.6853741127340003, 0.688422893221805, 0.6929960639535124, 0.6965448444413174, 0.7015812828779908, 0.7076604777060838, 0.7091848679499861, 0.717242433147223, 0.717242433147223, 0.7177424331472231, 0.7177424331472231, 0.7207912136350278, 0.7268704084631208, 0.7293947987070233, 0.7318947987070232, 0.7389556273875991, 0.7434920658242727, 0.7531384072876874, 0.7566504554804584, 0.758656479576844, 0.76571730825742, 0.7687293564501909, 0.7717597707904791, 0.7732841610343815, 0.7732841610343815, 0.7778022333235382, 0.7828386717602116, 0.7858690861004995, 0.7873751101968851, 0.7873751101968851], "fpsList": [7.843759889625231, 7.977811913745585, 7.866749428505865, 9.705285225387408], "fps": 8.348401614316023}