{"name": "OV", "desc": "Out-of-View - some portion of the target leaves the view.", "tracker": "RoialMDNet_3", "evalType": "OPE", "seqs": ["Dudek", "Ironman", "Lemming", "Liquor", "Suv", "Tiger2"], "overlap": 65.5112424231726, "error": 2.702756865347109, "overlapScores": [0.8425528921320816, 0.2140461669360114, 0.7391895724586289, 0.8160479663041555, 0.7833961677484996, 0.5354417798109787], "errorNum": [0.0, 9.397590361445783, 1.4146706586826348, 0.34462952326249285, 0.4021164021164021, 4.657534246575342], "successRateList": [0.8946552130924313, 0.8705588275502626, 0.8610742188627539, 0.8533406390408206, 0.8507077759600774, 0.8449232450835499, 0.8289343431594359, 0.8105712810905173, 0.781941547835447, 0.7537416571396293, 0.729724313465289, 0.7087141569935117, 0.6835794938739811, 0.654122808844646, 0.6070258319889411, 0.5349286378529544, 0.41949608073579586, 0.2692215606741572, 0.11271954999734302, 0.021058295580236336, 0.0], "precisionList": [0.0037000927979908243, 0.0315743891762004, 0.08288979597658053, 0.1486706670523992, 0.21163435072836434, 0.28838641715735075, 0.35837940079578073, 0.4236753097423483, 0.4755935871763626, 0.518920011465438, 0.5527974027007095, 0.5867015647940802, 0.6126308541818419, 0.6355530233093899, 0.6558491259559356, 0.6758237419010334, 0.6861608312922339, 0.7004814362363799, 0.7086600157322116, 0.7193581971598815, 0.7277345259521338, 0.7375953007031238, 0.7435216336905103, 0.7542664892664369, 0.7606478119573735, 0.773375446907357, 0.7811699691579995, 0.788665836172648, 0.7962299254434693, 0.8049583052315534, 0.8104488199571792, 0.8153263470547611, 0.8226866501887375, 0.8285521759487091, 0.833251704902242, 0.8364014845517963, 0.8420146442749773, 0.8476308634172028, 0.8494550491907308, 0.8528886862399534, 0.8552433867103578, 0.8578461512580083, 0.8609554200666013, 0.8625251484741213, 0.8626208788972498, 0.8633693818912618, 0.8667782778491969, 0.8690067908998415, 0.8705033851523908, 0.8717569022146519, 0.8718816527136539], "fpsList": [9.349439020780316, 7.977811913745585, 10.513753675793351, 10.02491888388371, 11.278345747398424, 9.721432356514951], "fps": 9.810950266352723}