{"name": "LR", "desc": "Low Resolution - the number of pixels inside the ground-truth bounding box is less than tr (tr =400).", "tracker": "MDNet", "evalType": "OPE", "seqs": ["Biker", "Box", "Car1", "Deer", "Ironman", "MotorRolling", "Panda", "RedTeam", "Surfer", "Walking2"], "overlap": 68.75427951054071, "error": 2.0222351301196695, "overlapScores": [0.7048447778377843, 0.72923089856345, 0.7958609252759666, 0.6949493098768649, 0.6220386659204502, 0.585898814180398, 0.5270647808344247, 0.6498532770899885, 0.7637619693276847, 0.8019245321470606], "errorNum": [5.352112676056338, 0.4306632213608958, 0.0, 0.0, 3.855421686746988, 3.8414634146341466, 4.18, 2.3826903023983315, 0.0, 0.18], "successRateList": [0.9310368233497369, 0.9279229594434074, 0.9253157305277447, 0.9173920443246942, 0.9128203958957333, 0.8936298380336739, 0.8837896109384621, 0.8693443402292432, 0.8473912456649091, 0.8270988116706791, 0.797267936414519, 0.7565212524839872, 0.7036670681415631, 0.6371214877766705, 0.5450556362913905, 0.43095461508918875, 0.2822169107558913, 0.14014885332699967, 0.04634614493510586, 0.011998559181644417, 0.0], "precisionList": [0.015200496456890752, 0.08821698785089395, 0.2355889398484115, 0.38386857284964676, 0.4869698241567767, 0.5776725633347394, 0.628538370438228, 0.6935167246442083, 0.7362699019423093, 0.7594904827266464, 0.7861017467306606, 0.8120937656689211, 0.8253191005228416, 0.8471056343471772, 0.859663166003686, 0.8727014222040925, 0.8824832923581821, 0.8920880549137932, 0.8964160459476963, 0.9000932446072948, 0.9044422372755161, 0.9091231900073057, 0.9132586725057751, 0.9156574897575134, 0.9175840417207075, 0.9204617592516572, 0.922198067312412, 0.9227148631780452, 0.9239202013265047, 0.9244369971921378, 0.925039925702043, 0.9259942123766928, 0.926776233762798, 0.9271207643398867, 0.927493029628431, 0.9278375602055199, 0.9294146447711725, 0.929786910059717, 0.9305772680561019, 0.9309495333446464, 0.9319519429832004, 0.9335567622603088, 0.9335567622603088, 0.9335567622603088, 0.9335567622603088, 0.9335567622603088, 0.9335567622603088, 0.9335567622603088, 0.9335567622603088, 0.9335567622603088, 0.9335567622603088], "fpsList": [2.86700801961594, 2.894738769883858, 2.9813086150503803, 2.5314919677960543, 2.779056158032441, 2.6488057877249958, 2.806585930686407, 2.7264797218088814, 2.804591363533426, 2.8436513554502825], "fps": 2.7883717689582665}