{"name": "LR", "desc": "Low Resolution - the number of pixels inside the ground-truth bounding box is less than tr (tr =400).", "tracker": "MDGaNet", "evalType": "OPE", "seqs": ["Deer", "Ironman", "MotorRolling", "Walking2"], "overlap": 65.41207962207596, "error": 2.159823684983838, "overlapScores": [0.704261556714836, 0.5414108096608072, 0.5779882403107823, 0.7928225781966132], "errorNum": [0.0, 4.457831325301205, 3.8414634146341466, 0.34], "successRateList": [0.9864457831325302, 0.9819277108433735, 0.9804216867469879, 0.9754036144578313, 0.9688855421686746, 0.9638674698795181, 0.9137522774022921, 0.9036977666764618, 0.8733996473699677, 0.8188521892447841, 0.7840176315016163, 0.7451191906064657, 0.693295220041968, 0.6162921510845857, 0.4823002342589182, 0.3393968846874961, 0.22177462512364815, 0.12130995848733304, 0.044587979537524886, 0.01105154110085136, 0.0], "precisionList": [0.012551541100851361, 0.05611839387781287, 0.14523026078894763, 0.26262392958988134, 0.3475734935620186, 0.4537950689739376, 0.5378680451796882, 0.5902192514475628, 0.6390951418177002, 0.6930595145956551, 0.7294733520133436, 0.7608323848468419, 0.7795699693311204, 0.7977922421392889, 0.8114750220393772, 0.832669556273876, 0.8508887746106377, 0.8615044078754039, 0.8721200411401704, 0.8857293564501909, 0.9008997942991479, 0.9079606229797237, 0.9215515721422274, 0.9275940346752864, 0.9306060828680576, 0.9326121069644432, 0.9401605935938878, 0.9451970320305614, 0.9467030561269467, 0.9482090802233323, 0.9557942991478108, 0.9603307375844843, 0.9608307375844842, 0.9613307375844842, 0.9633367616808698, 0.9703548339700265, 0.972360858066412, 0.972860858066412, 0.9748668821627975, 0.977372906259183, 0.9804033205994711, 0.9819093446958567, 0.9834153687922422, 0.9849213928886277, 0.9849213928886277, 0.9849213928886277, 0.9849213928886277, 0.9849213928886277, 0.9879334410813987, 0.9879334410813987, 0.9879334410813987], "fpsList": [2.2078329350599684, 2.616196771305099, 2.432354739974436, 2.6012007398583563], "fps": 2.464396296549465}