{"name": "OV", "desc": "Out-of-View - some portion of the target leaves the view.", "tracker": "MDGaNet", "evalType": "OPE", "seqs": ["Dudek", "Ironman", "Lemming", "Liquor", "Suv", "Tiger2"], "overlap": 74.33761353359968, "error": 1.06019053748881, "overlapScores": [0.8516840842556812, 0.5414108096608072, 0.7681212929964598, 0.8571808281071185, 0.8201780981032797, 0.6216816988926348], "errorNum": [0.06986899563318777, 4.457831325301205, 0.187125748502994, 0.02871912693854107, 0.2751322751322751, 1.3424657534246576], "successRateList": [0.9909638554216867, 0.9879518072289156, 0.9869477911646586, 0.983759376128854, 0.9800719590970415, 0.9760318083791618, 0.9659965813516136, 0.958018681798892, 0.9433731306465849, 0.9165914729375654, 0.8939809462511189, 0.8522392889805613, 0.8059610761497811, 0.7547882280636914, 0.6919237737815979, 0.5966091268350909, 0.4753380784745351, 0.3168342317956789, 0.15065080859767851, 0.0422792025301374, 0.0], "precisionList": [0.00609735184941713, 0.04814581879147379, 0.13626455134267243, 0.23769403576022827, 0.3355793272831807, 0.4328777991897397, 0.5055068297057791, 0.5671455458412477, 0.6104759073997201, 0.6500456677808156, 0.6873071133199077, 0.7176416469293289, 0.7517503074575235, 0.785158686940372, 0.8025221676287678, 0.8251263953600846, 0.8407752597565313, 0.8583473121446867, 0.8743710966188284, 0.8890556450662112, 0.9028109640213376, 0.9095878919369386, 0.920707798247128, 0.9292893734501755, 0.9363686384953298, 0.941892452281415, 0.9481452092374402, 0.9542696657282635, 0.956844085946491, 0.9596130264300197, 0.9624545875464051, 0.9661993941450259, 0.9673421973703032, 0.9690663720991491, 0.9719519061863093, 0.9762299300742798, 0.977504257045108, 0.9782619953917097, 0.9794864923780974, 0.981393807196525, 0.9829501746884767, 0.9840997511603029, 0.9855603882291262, 0.9870210252979494, 0.9879451339606873, 0.9879451339606873, 0.9879451339606873, 0.9883319851989542, 0.991067819365314, 0.9916500609955904, 0.9921824726414264], "fpsList": [2.571804259218827, 2.616196771305099, 2.6713535907507273, 2.593429860770346, 2.6914475209361584, 2.512912828508462], "fps": 2.6095241385816035}