{"name": "OV", "desc": "Out-of-View - some portion of the target leaves the view.", "tracker": "MDResGaNet_3L_1", "evalType": "OPE", "seqs": ["Dudek", "Ironman", "Lemming", "Liquor", "Suv", "Tiger2"], "overlap": 73.57337751575834, "error": 1.3221986632370053, "overlapScores": [0.8004564387977556, 0.5951025516043693, 0.7843228592318617, 0.8457176713832802, 0.8122428988234616, 0.5765602311047717], "errorNum": [0.0, 4.337349397590361, 0.23952095808383234, 0.18954623779437105, 0.31746031746031744, 2.8493150684931505], "successRateList": [0.9560614658519201, 0.9515012070625679, 0.9499680904692104, 0.944094541378195, 0.9371376431594486, 0.9295567267977486, 0.9250575446042296, 0.9155077538251085, 0.9025261305620246, 0.8873586181346994, 0.8677801336762996, 0.8416176657250728, 0.8017544211888202, 0.7476916595121001, 0.6803063322493516, 0.5874057872119296, 0.4380124358430863, 0.26895054138644475, 0.10433968587168313, 0.025458910254673683, 0.0], "precisionList": [0.006353929648605192, 0.033502493490437435, 0.10399551926653977, 0.1908520051266042, 0.2761934281275411, 0.36876429099650526, 0.43486116589068763, 0.5003513079245533, 0.5583793395359505, 0.6084943062340323, 0.6553503403936962, 0.6922239497232098, 0.7265357975301572, 0.7555011075067974, 0.7749079180093128, 0.7933038691488524, 0.8139922962433414, 0.8303871711801566, 0.8426377139288971, 0.8530197606364357, 0.8689253734778659, 0.8777157139387444, 0.8831863421544469, 0.8913870493094823, 0.8974907671594242, 0.9028317902947602, 0.9065574322360823, 0.911900651829516, 0.9159474614841008, 0.918604818003938, 0.9244699853003707, 0.9271583426359301, 0.9312032020696198, 0.9344595699931793, 0.9370539299932652, 0.937731031919962, 0.9408777433477429, 0.9421652368538814, 0.9423857177760118, 0.9429380692037065, 0.9463209207139229, 0.9463209207139229, 0.9473298931461839, 0.9484345960015732, 0.9491116979282698, 0.9492074283513983, 0.9492074283513983, 0.9498555102022214, 0.9498555102022214, 0.9503121312067876, 0.9505035920530446], "fpsList": [1.9666184082173315, 2.131832575280473, 1.947456809712, 1.9444547927214935, 2.023396122704248, 1.9397786926665372], "fps": 1.9922562335503473}